2012/01/01,3,0,3
2012/01/01,4,0,15
2012/01/01,5,0,15
2012/01/01,6,0,11
2012/01/01,7,0,15
2012/01/01,8,0,15
2012/01/01,9,0,19
2012/01/01,10,0,19
2012/01/01,11,0,15
2012/01/01,12,0,15
2012/01/01,13,0,3
2012/01/01,14,0,3
2012/01/01,15,0,15
2012/01/01,16,0,19
2012/01/01,17,0,15
2012/01/01,18,0,15
2012/01/01,20,0,19
2012/01/01,21,2,3
2012/01/01,22,0,3
2012/01/01,23,0,19
2012/01/01,24,0,15
2012/01/01,25,0,15
2012/01/01,26,0,15
2012/01/01,27,0,3
2012/01/01,29,0,15
2012/01/01,30,0,15
2012/01/01,31,0,11
2012/01/01,32,0,11
2012/01/01,33,0,19
2012/01/01,34,0,3
2012/01/01,35,0,11
2012/01/01,36,0,17
2012/01/01,37,0,15
2012/01/01,38,1,47
2012/01/01,39,0,19
2012/01/01,40,0,15
2012/01/01,41,0,3
2012/01/01,42,1,19
2012/01/01,43,0,3
2012/01/01,44,0,3
2012/01/01,45,0,19
2012/01/01,46,0,19
2012/01/01,47,0,11
2012/01/01,48,0,15
2012/01/01,49,0,15
2012/01/01,50,0,15
2012/01/01,51,0,15
2012/01/01,52,0,15
2012/01/01,53,0,15
2012/01/01,54,0,11
2012/01/01,55,0,14
2012/01/01,56,0,15
2012/01/01,57,0,11
2012/01/01,58,0,27
2012/01/01,59,0,15
2012/01/01,60,0,15
2012/01/01,61,0,25
2012/01/01,62,0,3
2012/01/01,63,0,15
2012/01/01,64,0,3
2012/01/02,3,0,3
2012/01/02,4,0,15
2012/01/02,5,0,15
2012/01/02,6,0,11
2012/01/02,7,0,15
2012/01/02,8,0,15
2012/01/02,9,0,19
2012/01/02,10,0,19
2012/01/02,11,0,15
2012/01/02,12,0,15
2012/01/02,13,0,3
2012/01/02,14,0,3
2012/01/02,15,0,15
2012/01/02,16,0,19
2012/01/02,17,0,15
2012/01/02,18,0,15
2012/01/02,20,0,19
2012/01/02,21,2,3
2012/01/02,22,0,3
2012/01/02,23,0,19
2012/01/02,24,0,15
2012/01/02,25,0,15
2012/01/02,26,0,15
2012/01/02,27,0,3
2012/01/02,29,0,15
2012/01/02,30,0,15
2012/01/02,31,0,11
2012/01/02,32,0,11
2012/01/02,33,0,19
2012/01/02,34,0,3
2012/01/02,35,0,11
2012/01/02,36,0,17
2012/01/02,37,0,15
2012/01/02,38,1,47
2012/01/02,39,0,19
2012/01/02,40,0,15
2012/01/02,41,0,3
2012/01/02,42,1,19
2012/01/02,43,0,3
2012/01/02,44,0,3
2012/01/02,45,0,19
2012/01/02,46,0,19
2012/01/02,47,0,11
2012/01/02,48,0,15
2012/01/02,49,0,15
2012/01/02,50,0,15
2012/01/02,51,0,15
2012/01/02,52,0,15
2012/01/02,53,0,15
2012/01/02,54,0,11
2012/01/02,55,0,14
2012/01/02,56,0,15
2012/01/02,57,0,11
2012/01/02,58,0,27
2012/01/02,59,0,15
2012/01/02,60,0,15
2012/01/02,61,0,25
2012/01/02,62,0,3
2012/01/02,63,0,15
2012/01/02,64,0,3
2012/01/02,3,4,15
2012/01/02,29,6,15
2012/01/02,30,7,14
2012/01/02,31,1,15
2012/01/02,32,11,11
2012/01/02,33,6,16
2012/01/02,34,3,15
2012/01/02,35,1,10
2012/01/02,36,21,23
2012/01/02,37,11,15
2012/01/02,38,27,44
2012/01/02,39,18,19
2012/01/02,40,13,14
2012/01/02,41,14,18
2012/01/02,42,4,19
2012/01/02,43,3,15
2012/01/02,44,15,18
2012/01/02,45,11,18
2012/01/02,46,12,18
2012/01/02,47,5,11
2012/01/02,48,0,15
2012/01/02,49,2,15
2012/01/02,50,8,15
2012/01/02,51,7,15
2012/01/02,52,5,15
2012/01/02,53,13,15
2012/01/02,54,0,15
2012/01/02,55,4,15
2012/01/02,56,12,15
2012/01/02,57,11,11
2012/01/02,58,6,18
2012/01/02,59,11,15
2012/01/02,60,13,15
2012/01/02,61,12,19
2012/01/02,62,6,14
2012/01/02,63,8,15
2012/01/02,64,6,15
2012/01/02,4,9,15
2012/01/02,5,8,15
2012/01/02,6,12,15
2012/01/02,7,3,15
2012/01/02,8,13,14
2012/01/02,9,10,19
2012/01/02,10,14,19
2012/01/02,11,6,15
2012/01/02,12,8,14
2012/01/02,13,10,15
2012/01/02,14,3,17
2012/01/02,15,6,14
2012/01/02,16,17,19
2012/01/02,17,7,15
2012/01/02,18,2,14
2012/01/02,20,16,19
2012/01/02,21,7,25
2012/01/02,22,20,45
2012/01/02,23,8,19
2012/01/02,24,4,18
2012/01/02,25,9,10
2012/01/02,26,3,12
2012/01/02,27,7,15
2012/01/03,3,0,3
2012/01/03,4,0,15
2012/01/03,5,0,15
2012/01/03,6,0,11
2012/01/03,7,0,15
2012/01/03,8,0,15
2012/01/03,9,0,19
2012/01/03,10,0,19
2012/01/03,11,0,15
2012/01/03,12,0,15
2012/01/03,13,0,3
2012/01/03,14,0,3
2012/01/03,15,0,15
2012/01/03,16,0,19
2012/01/03,17,0,15
2012/01/03,18,0,15
2012/01/03,20,0,19
2012/01/03,21,2,3
2012/01/03,22,0,3
2012/01/03,23,0,19
2012/01/03,24,0,15
2012/01/03,25,0,15
2012/01/03,26,0,15
2012/01/03,27,0,3
2012/01/03,29,0,15
2012/01/03,30,0,15
2012/01/03,31,0,11
2012/01/03,32,0,11
2012/01/03,33,0,19
2012/01/03,34,0,3
2012/01/03,35,0,11
2012/01/03,36,0,17
2012/01/03,37,0,15
2012/01/03,38,1,47
2012/01/03,39,0,19
2012/01/03,40,0,15
2012/01/03,41,0,3
2012/01/03,42,1,19
2012/01/03,43,0,3
2012/01/03,44,0,3
2012/01/03,45,0,19
2012/01/03,46,0,19
2012/01/03,47,0,11
2012/01/03,48,0,15
2012/01/03,49,0,15
2012/01/03,50,0,15
2012/01/03,51,0,15
2012/01/03,52,0,15
2012/01/03,53,0,15
2012/01/03,54,0,11
2012/01/03,55,0,14
2012/01/03,56,0,15
2012/01/03,57,0,11
2012/01/03,58,0,27
2012/01/03,59,0,15
2012/01/03,60,0,15
2012/01/03,61,0,25
2012/01/03,62,0,3
2012/01/03,63,0,15
2012/01/03,64,0,3
2012/01/04,3,0,3
2012/01/04,4,0,15
2012/01/04,5,0,15
2012/01/04,6,0,11
2012/01/04,7,0,15
2012/01/04,8,0,15
2012/01/04,9,0,19
2012/01/04,10,0,19
2012/01/04,11,0,15
2012/01/04,12,0,15
2012/01/04,13,0,3
2012/01/04,14,0,3
2012/01/04,15,0,15
2012/01/04,16,0,19
2012/01/04,17,0,15
2012/01/04,18,0,15
2012/01/04,20,0,19
2012/01/04,21,2,3
2012/01/04,22,0,3
2012/01/04,23,0,19
2012/01/04,24,0,15
2012/01/04,25,0,15
2012/01/04,26,0,15
2012/01/04,27,0,3
2012/01/04,29,0,15
2012/01/04,30,0,15
2012/01/04,31,0,11
2012/01/04,32,0,11
2012/01/04,33,0,19
2012/01/04,34,0,3
2012/01/04,35,0,11
2012/01/04,36,0,17
2012/01/04,37,0,15
2012/01/04,38,1,47
2012/01/04,39,0,19
2012/01/04,40,0,15
2012/01/04,41,0,3
2012/01/04,42,1,19
2012/01/04,43,0,3
2012/01/04,44,0,3
2012/01/04,45,0,19
2012/01/04,46,0,19
2012/01/04,47,0,11
2012/01/04,48,0,15
2012/01/04,49,0,15
2012/01/04,50,0,15
2012/01/04,51,0,15
2012/01/04,52,0,15
2012/01/04,53,0,15
2012/01/04,54,0,11
2012/01/04,55,0,14
2012/01/04,56,0,15
2012/01/04,57,0,11
2012/01/04,58,0,27
2012/01/04,59,0,15
2012/01/04,60,0,15
2012/01/04,61,0,25
2012/01/04,62,0,3
2012/01/04,63,0,15
2012/01/04,64,0,3
2012/01/05,3,0,3
2012/01/05,4,0,15
2012/01/05,5,0,15
2012/01/05,6,0,11
2012/01/05,7,0,15
2012/01/05,8,0,15
2012/01/05,9,0,19
2012/01/05,10,0,19
2012/01/05,11,0,15
2012/01/05,12,0,15
2012/01/05,13,0,3
2012/01/05,14,0,3
2012/01/05,15,0,15
2012/01/05,16,0,19
2012/01/05,17,0,15
2012/01/05,18,0,15
2012/01/05,20,0,19
2012/01/05,21,2,3
2012/01/05,22,0,3
2012/01/05,23,0,19
2012/01/05,24,0,15
2012/01/05,25,0,15
2012/01/05,26,0,15
2012/01/05,27,0,3
2012/01/05,29,0,15
2012/01/05,30,0,15
2012/01/05,31,0,11
2012/01/05,32,0,11
2012/01/05,33,0,19
2012/01/05,34,0,3
2012/01/05,35,0,11
2012/01/05,36,0,17
2012/01/05,37,0,15
2012/01/05,38,1,47
2012/01/05,39,0,19
2012/01/05,40,0,15
2012/01/05,41,0,3
2012/01/05,42,1,19
2012/01/05,43,0,3
2012/01/05,44,0,3
2012/01/05,45,0,19
2012/01/05,46,0,19
2012/01/05,47,0,11
2012/01/05,48,0,15
2012/01/05,49,0,15
2012/01/05,50,0,15
2012/01/05,51,0,15
2012/01/05,52,0,15
2012/01/05,53,0,15
2012/01/05,54,0,11
2012/01/05,55,0,14
2012/01/05,56,0,15
2012/01/05,57,0,11
2012/01/05,58,0,27
2012/01/05,59,0,15
2012/01/05,60,0,15
2012/01/05,61,0,25
2012/01/05,62,0,3
2012/01/05,63,0,15
2012/01/05,64,0,3
2012/01/06,3,0,3
2012/01/06,4,0,15
2012/01/06,5,0,15
2012/01/06,6,0,11
2012/01/06,7,0,15
2012/01/06,8,0,15
2012/01/06,9,0,19
2012/01/06,10,0,19
2012/01/06,11,0,15
2012/01/06,12,0,15
2012/01/06,13,0,3
2012/01/06,14,0,3
2012/01/06,15,0,15
2012/01/06,16,0,19
2012/01/06,17,0,15
2012/01/06,18,0,15
2012/01/06,20,0,19
2012/01/06,21,2,3
2012/01/06,22,0,3
2012/01/06,23,0,19
2012/01/06,24,0,15
2012/01/06,25,0,15
2012/01/06,26,0,15
2012/01/06,27,0,3
2012/01/06,29,0,15
2012/01/06,30,0,15
2012/01/06,31,0,11
2012/01/06,32,0,11
2012/01/06,33,0,19
2012/01/06,35,0,11
2012/01/06,36,0,17
2012/01/06,37,0,15
2012/01/06,38,1,47
2012/01/06,39,0,19
2012/01/06,40,0,15
2012/01/06,41,0,3
2012/01/06,42,1,19
2012/01/06,43,0,3
2012/01/06,44,0,3
2012/01/06,45,0,19
2012/01/06,46,0,19
2012/01/06,47,0,11
2012/01/06,48,0,15
2012/01/06,49,0,15
2012/01/06,50,0,15
2012/01/06,51,0,15
2012/01/06,52,0,15
2012/01/06,53,0,15
2012/01/06,54,0,11
2012/01/06,55,0,14
2012/01/06,56,0,15
2012/01/06,57,0,11
2012/01/06,58,0,27
2012/01/06,59,0,15
2012/01/06,60,0,15
2012/01/06,61,0,25
2012/01/06,62,0,3
2012/01/06,63,0,15
2012/01/06,64,0,3
2012/01/07,3,0,3
2012/01/07,4,0,15
2012/01/07,5,0,15
2012/01/07,6,0,11
2012/01/07,7,0,15
2012/01/07,8,0,15
2012/01/07,9,0,19
2012/01/07,10,0,19
2012/01/07,11,0,15
2012/01/07,12,0,15
2012/01/07,13,0,3
2012/01/07,14,0,3
2012/01/07,15,0,15
2012/01/07,16,0,19
2012/01/07,17,0,15
2012/01/07,18,0,15
2012/01/07,20,0,19
2012/01/07,21,2,3
2012/01/07,22,0,3
2012/01/07,23,0,19
2012/01/07,24,0,15
2012/01/07,25,0,15
2012/01/07,26,0,15
2012/01/07,27,0,3
2012/01/07,29,0,15
2012/01/07,30,0,15
2012/01/07,31,0,11
2012/01/07,32,0,11
2012/01/07,33,0,19
2012/01/07,35,0,11
2012/01/07,36,0,17
2012/01/07,37,0,15
2012/01/07,38,1,47
2012/01/07,39,0,19
2012/01/07,40,0,15
2012/01/07,41,0,3
2012/01/07,42,1,19
2012/01/07,43,0,3
2012/01/07,44,0,3
2012/01/07,45,0,19
2012/01/07,46,0,19
2012/01/07,47,0,11
2012/01/07,48,0,15
2012/01/07,49,0,15
2012/01/07,50,0,15
2012/01/07,51,0,15
2012/01/07,52,0,15
2012/01/07,53,0,15
2012/01/07,54,0,11
2012/01/07,55,0,14
2012/01/07,56,0,15
2012/01/07,57,0,11
2012/01/07,58,0,27
2012/01/07,59,0,15
2012/01/07,60,0,15
2012/01/07,61,0,25
2012/01/07,62,0,3
2012/01/07,63,0,15
2012/01/07,64,0,3
2012/01/08,3,0,3
2012/01/08,4,0,15
2012/01/08,5,0,15
2012/01/08,6,0,11
2012/01/08,7,0,15
2012/01/08,8,0,15
2012/01/08,9,0,19
2012/01/08,10,0,19
2012/01/08,11,0,15
2012/01/08,12,0,15
2012/01/08,13,0,3
2012/01/08,14,0,3
2012/01/08,15,0,15
2012/01/08,16,0,19
2012/01/08,17,0,15
2012/01/08,18,0,15
2012/01/08,20,0,19
2012/01/08,21,2,3
2012/01/08,22,0,3
2012/01/08,23,0,19
2012/01/08,24,0,15
2012/01/08,25,0,15
2012/01/08,26,0,15
2012/01/08,27,0,3
2012/01/08,29,0,15
2012/01/08,30,0,15
2012/01/08,31,0,11
2012/01/08,32,0,11
2012/01/08,33,0,19
2012/01/08,35,0,11
2012/01/08,36,0,17
2012/01/08,37,0,15
2012/01/08,38,1,47
2012/01/08,39,0,19
2012/01/08,40,0,15
2012/01/08,41,0,3
2012/01/08,42,1,19
2012/01/08,43,0,3
2012/01/08,44,0,3
2012/01/08,45,0,19
2012/01/08,46,0,19
2012/01/08,47,0,11
2012/01/08,48,0,15
2012/01/08,49,0,15
2012/01/08,50,0,15
2012/01/08,51,0,15
2012/01/08,52,0,15
2012/01/08,53,0,15
2012/01/08,54,0,11
2012/01/08,55,0,14
2012/01/08,56,0,15
2012/01/08,57,0,11
2012/01/08,58,0,27
2012/01/08,59,0,15
2012/01/08,60,0,15
2012/01/08,61,0,25
2012/01/08,62,0,3
2012/01/08,63,0,15
2012/01/08,64,0,3
2012/01/09,3,0,3
2012/01/09,4,0,15
2012/01/09,5,0,15
2012/01/09,6,0,11
2012/01/09,7,0,15
2012/01/09,8,0,15
2012/01/09,9,0,19
2012/01/09,10,0,19
2012/01/09,11,0,15
2012/01/09,12,0,15
2012/01/09,13,0,3
2012/01/09,14,0,3
2012/01/09,15,0,15
2012/01/09,16,0,19
2012/01/09,17,0,15
2012/01/09,18,0,15
2012/01/09,20,0,19
2012/01/09,21,2,3
2012/01/09,22,0,3
2012/01/09,23,0,19
2012/01/09,24,0,15
2012/01/09,25,0,15
2012/01/09,26,0,15
2012/01/09,27,0,3
2012/01/09,29,0,15
2012/01/09,30,0,15
2012/01/09,31,0,11
2012/01/09,32,0,11
2012/01/09,33,0,19
2012/01/09,35,0,11
2012/01/09,36,0,17
2012/01/09,37,0,15
2012/01/09,38,1,47
2012/01/09,39,0,19
2012/01/09,40,0,15
2012/01/09,41,0,3
2012/01/09,42,1,19
2012/01/09,43,0,3
2012/01/09,44,0,3
2012/01/09,45,0,19
2012/01/09,46,0,19
2012/01/09,47,0,11
2012/01/09,48,0,15
2012/01/09,49,0,15
2012/01/09,50,0,15
2012/01/09,51,0,15
2012/01/09,52,0,15
2012/01/09,53,0,15
2012/01/09,54,0,11
2012/01/09,55,0,14
2012/01/09,56,0,15
2012/01/09,57,0,11
2012/01/09,58,0,27
2012/01/09,59,0,15
2012/01/09,60,0,15
2012/01/09,61,0,25
2012/01/09,62,0,3
2012/01/09,63,0,15
2012/01/09,64,0,3
2012/01/10,3,0,3
2012/01/10,4,0,15
2012/01/10,5,0,15
2012/01/10,6,0,11
2012/01/10,7,0,15
2012/01/10,8,0,15
2012/01/10,9,0,19
2012/01/10,10,0,19
2012/01/10,11,0,15
2012/01/10,12,0,15
2012/01/10,13,0,3
2012/01/10,14,0,3
2012/01/10,15,0,15
2012/01/10,16,0,19
2012/01/10,17,0,15
2012/01/10,18,0,15
2012/01/10,20,0,19
2012/01/10,21,2,3
2012/01/10,22,0,3
2012/01/10,23,0,19
2012/01/10,24,0,15
2012/01/10,25,0,15
2012/01/10,26,0,15
2012/01/10,27,0,3
2012/01/10,29,0,15
2012/01/10,30,0,15
2012/01/10,31,0,11
2012/01/10,32,0,11
2012/01/10,33,0,19
2012/01/10,35,0,11
2012/01/10,36,0,17
2012/01/10,37,0,15
2012/01/10,38,1,47
2012/01/10,39,0,19
2012/01/10,40,0,15
2012/01/10,41,0,3
2012/01/10,42,1,19
2012/01/10,43,0,3
2012/01/10,44,0,3
2012/01/10,45,0,19
2012/01/10,46,0,19
2012/01/10,47,0,11
2012/01/10,48,0,15
2012/01/10,49,0,15
2012/01/10,50,0,15
2012/01/10,51,0,15
2012/01/10,52,0,15
2012/01/10,53,0,15
2012/01/10,54,0,11
2012/01/10,55,0,14
2012/01/10,56,0,15
2012/01/10,57,0,11
2012/01/10,58,0,27
2012/01/10,59,0,15
2012/01/10,60,0,15
2012/01/10,61,0,25
2012/01/10,62,0,3
2012/01/10,63,0,15
2012/01/10,64,0,3
2012/01/11,3,0,3
2012/01/11,4,0,15
2012/01/11,5,0,15
2012/01/11,6,0,11
2012/01/11,7,0,15
2012/01/11,8,0,15
2012/01/11,9,0,19
2012/01/11,10,0,19
2012/01/11,11,0,15
2012/01/11,12,0,15
2012/01/11,13,0,3
2012/01/11,14,0,3
2012/01/11,15,0,15
2012/01/11,16,0,19
2012/01/11,17,0,15
2012/01/11,18,0,15
2012/01/11,20,0,19
2012/01/11,21,2,3
2012/01/11,22,0,3
2012/01/11,23,0,19
2012/01/11,24,0,15
2012/01/11,25,0,15
2012/01/11,26,0,15
2012/01/11,27,0,3
2012/01/11,29,0,15
2012/01/11,30,0,15
2012/01/11,31,0,11
2012/01/11,32,0,11
2012/01/11,33,0,19
2012/01/11,35,0,11
2012/01/11,36,0,17
2012/01/11,37,0,15
2012/01/11,38,1,47
2012/01/11,39,0,19
2012/01/11,40,0,15
2012/01/11,41,0,3
2012/01/11,42,1,19
2012/01/11,43,0,3
2012/01/11,44,0,3
2012/01/11,45,0,19
2012/01/11,46,0,19
2012/01/11,47,0,11
2012/01/11,48,0,15
2012/01/11,49,0,15
2012/01/11,50,0,15
2012/01/11,51,0,15
2012/01/11,52,0,15
2012/01/11,53,0,15
2012/01/11,54,0,11
2012/01/11,55,0,14
2012/01/11,56,0,15
2012/01/11,57,0,11
2012/01/11,58,0,27
2012/01/11,59,0,15
2012/01/11,60,0,15
2012/01/11,61,0,25
2012/01/11,62,0,3
2012/01/11,63,0,15
2012/01/11,64,0,3
2012/01/12,3,0,3
2012/01/12,4,0,15
2012/01/12,5,0,15
2012/01/12,6,0,11
2012/01/12,7,0,15
2012/01/12,8,0,15
2012/01/12,9,0,19
2012/01/12,10,0,19
2012/01/12,11,0,15
2012/01/12,12,0,15
2012/01/12,13,0,3
2012/01/12,14,0,3
2012/01/12,15,0,15
2012/01/12,16,0,19
2012/01/12,17,0,15
2012/01/12,18,0,15
2012/01/12,20,0,19
2012/01/12,21,2,3
2012/01/12,22,0,3
2012/01/12,23,0,19
2012/01/12,24,0,15
2012/01/12,25,0,15
2012/01/12,26,0,15
2012/01/12,27,0,3
2012/01/12,29,0,15
2012/01/12,30,0,15
2012/01/12,31,0,11
2012/01/12,32,0,11
2012/01/12,33,0,19
2012/01/12,35,0,11
2012/01/12,36,0,17
2012/01/12,37,0,15
2012/01/12,38,1,47
2012/01/12,39,0,19
2012/01/12,40,0,15
2012/01/12,41,0,3
2012/01/12,42,1,19
2012/01/12,43,0,3
2012/01/12,44,0,3
2012/01/12,45,0,19
2012/01/12,46,0,19
2012/01/12,47,0,11
2012/01/12,48,0,15
2012/01/12,49,0,15
2012/01/12,50,0,15
2012/01/12,51,0,15
2012/01/12,52,0,15
2012/01/12,53,0,15
2012/01/12,54,0,11
2012/01/12,55,0,14
2012/01/12,56,0,15
2012/01/12,57,0,11
2012/01/12,58,0,27
2012/01/12,59,0,15
2012/01/12,60,0,15
2012/01/12,61,0,25
2012/01/12,62,0,3
2012/01/12,63,0,15
2012/01/12,64,0,3
2012/01/13,3,0,3
2012/01/13,4,0,15
2012/01/13,5,0,15
2012/01/13,6,0,11
2012/01/13,7,0,15
2012/01/13,8,0,15
2012/01/13,9,0,19
2012/01/13,10,0,19
2012/01/13,11,0,15
2012/01/13,12,0,15
2012/01/13,13,0,3
2012/01/13,14,0,3
2012/01/13,15,0,15
2012/01/13,16,0,19
2012/01/13,17,0,15
2012/01/13,18,0,15
2012/01/13,20,0,19
2012/01/13,21,2,3
2012/01/13,22,0,3
2012/01/13,23,0,19
2012/01/13,24,0,15
2012/01/13,25,0,15
2012/01/13,26,0,15
2012/01/13,27,0,3
2012/01/13,29,0,15
2012/01/13,30,0,15
2012/01/13,31,0,11
2012/01/13,32,0,11
2012/01/13,33,0,19
2012/01/13,35,0,11
2012/01/13,36,0,17
2012/01/13,37,0,15
2012/01/13,38,1,47
2012/01/13,39,0,19
2012/01/13,40,0,15
2012/01/13,41,0,3
2012/01/13,42,1,19
2012/01/13,43,0,3
2012/01/13,44,0,3
2012/01/13,45,0,19
2012/01/13,46,0,19
2012/01/13,47,0,11
2012/01/13,48,0,15
2012/01/13,49,0,15
2012/01/13,50,0,15
2012/01/13,51,0,15
2012/01/13,52,0,15
2012/01/13,53,0,15
2012/01/13,54,0,11
2012/01/13,55,0,14
2012/01/13,56,0,15
2012/01/13,57,0,11
2012/01/13,58,0,27
2012/01/13,59,0,15
2012/01/13,60,0,15
2012/01/13,61,0,25
2012/01/13,62,0,3
2012/01/13,63,0,15
2012/01/13,64,0,3
2012/01/14,3,0,3
2012/01/14,4,0,15
2012/01/14,5,0,15
2012/01/14,6,0,11
2012/01/14,7,0,15
2012/01/14,8,0,15
2012/01/14,9,0,19
2012/01/14,10,0,19
2012/01/14,11,0,15
2012/01/14,12,0,15
2012/01/14,13,0,3
2012/01/14,14,0,3
2012/01/14,15,0,15
2012/01/14,16,0,19
2012/01/14,17,0,15
2012/01/14,18,0,15
2012/01/14,20,0,19
2012/01/14,21,2,3
2012/01/14,22,0,3
2012/01/14,23,0,19
2012/01/14,24,0,15
2012/01/14,25,0,15
2012/01/14,26,0,15
2012/01/14,27,0,3
2012/01/14,29,0,15
2012/01/14,30,0,15
2012/01/14,31,0,11
2012/01/14,32,0,11
2012/01/14,33,0,19
2012/01/14,35,0,11
2012/01/14,36,0,17
2012/01/14,37,0,15
2012/01/14,38,1,47
2012/01/14,39,0,19
2012/01/14,40,0,15
2012/01/14,41,0,3
2012/01/14,42,1,19
2012/01/14,43,0,3
2012/01/14,44,0,3
2012/01/14,45,0,19
2012/01/14,46,0,19
2012/01/14,47,0,11
2012/01/14,48,0,15
2012/01/14,49,0,15
2012/01/14,50,0,15
2012/01/14,51,0,15
2012/01/14,52,0,15
2012/01/14,53,0,15
2012/01/14,54,0,11
2012/01/14,55,0,14
2012/01/14,56,0,15
2012/01/14,57,0,11
2012/01/14,58,0,27
2012/01/14,59,0,15
2012/01/14,60,0,15
2012/01/14,61,0,25
2012/01/14,62,0,3
2012/01/14,63,0,15
2012/01/14,64,0,3
2012/01/15,3,0,3
2012/01/15,4,0,15
2012/01/15,5,0,15
2012/01/15,6,0,11
2012/01/15,7,0,15
2012/01/15,8,0,15
2012/01/15,9,0,19
2012/01/15,10,0,19
2012/01/15,11,0,15
2012/01/15,12,0,15
2012/01/15,13,0,3
2012/01/15,14,0,3
2012/01/15,15,0,15
2012/01/15,16,0,19
2012/01/15,17,0,15
2012/01/15,18,0,15
2012/01/15,20,0,19
2012/01/15,21,2,3
2012/01/15,22,0,3
2012/01/15,23,0,19
2012/01/15,24,0,15
2012/01/15,25,0,15
2012/01/15,26,0,15
2012/01/15,27,0,3
2012/01/15,29,0,15
2012/01/15,30,0,15
2012/01/15,31,0,11
2012/01/15,32,0,11
2012/01/15,33,0,19
2012/01/15,35,0,11
2012/01/15,36,0,17
2012/01/15,37,0,15
2012/01/15,38,1,47
2012/01/15,39,0,19
2012/01/15,40,0,15
2012/01/15,41,0,3
2012/01/15,42,1,19
2012/01/15,43,0,3
2012/01/15,44,0,3
2012/01/15,45,0,19
2012/01/15,46,0,19
2012/01/15,47,0,11
2012/01/15,48,0,15
2012/01/15,49,0,15
2012/01/15,50,0,15
2012/01/15,51,0,15
2012/01/15,52,0,15
2012/01/15,53,0,15
2012/01/15,54,0,11
2012/01/15,55,0,14
2012/01/15,56,0,15
2012/01/15,57,0,11
2012/01/15,58,0,27
2012/01/15,59,0,15
2012/01/15,60,0,15
2012/01/15,61,0,25
2012/01/15,62,0,3
2012/01/15,63,0,15
2012/01/15,64,0,3
2012/01/15,44,15,18
2012/01/15,45,11,18
2012/01/15,46,12,18
2012/01/15,47,5,11
2012/01/15,48,0,15
2012/01/15,49,2,15
2012/01/15,50,8,15
2012/01/15,51,7,15
2012/01/15,52,5,15
2012/01/15,53,13,15
2012/01/15,54,0,15
2012/01/15,55,3,15
2012/01/15,56,12,15
2012/01/15,57,11,11
2012/01/15,58,6,18
2012/01/15,59,11,15
2012/01/15,60,13,15
2012/01/15,61,12,19
2012/01/15,62,6,14
2012/01/15,63,8,15
2012/01/15,64,6,15
2012/01/15,3,4,15
2012/01/15,4,9,15
2012/01/15,5,8,15
2012/01/15,6,12,15
2012/01/15,7,3,15
2012/01/15,8,13,14
2012/01/15,9,10,19
2012/01/15,10,14,19
2012/01/15,11,6,15
2012/01/15,12,8,14
2012/01/15,13,10,15
2012/01/15,14,3,17
2012/01/15,15,6,14
2012/01/15,16,17,19
2012/01/15,17,7,15
2012/01/15,18,2,14
2012/01/15,20,16,19
2012/01/15,21,7,25
2012/01/15,22,20,45
2012/01/15,23,8,19
2012/01/15,24,4,18
2012/01/15,25,9,10
2012/01/15,26,3,12
2012/01/15,27,7,15
2012/01/15,29,6,15
2012/01/15,30,7,14
2012/01/15,31,1,15
2012/01/15,32,11,11
2012/01/15,33,6,16
2012/01/15,35,1,10
2012/01/15,36,21,23
2012/01/15,37,11,15
2012/01/15,38,27,44
2012/01/15,39,18,19
2012/01/15,40,13,14
2012/01/15,41,14,18
2012/01/15,42,4,19
2012/01/15,43,3,15
2012/01/16,3,0,3
2012/01/16,4,0,15
2012/01/16,5,0,15
2012/01/16,6,0,11
2012/01/16,7,0,15
2012/01/16,8,0,15
2012/01/16,9,0,19
2012/01/16,10,0,19
2012/01/16,11,0,15
2012/01/16,12,0,15
2012/01/16,13,0,3
2012/01/16,14,0,3
2012/01/16,15,0,15
2012/01/16,16,0,19
2012/01/16,17,0,15
2012/01/16,18,0,15
2012/01/16,20,0,19
2012/01/16,21,2,3
2012/01/16,22,0,3
2012/01/16,23,0,19
2012/01/16,24,0,15
2012/01/16,25,0,15
2012/01/16,26,0,15
2012/01/16,27,0,3
2012/01/16,29,0,15
2012/01/16,30,0,15
2012/01/16,31,0,11
2012/01/16,32,0,11
2012/01/16,33,0,19
2012/01/16,35,0,11
2012/01/16,36,0,17
2012/01/16,37,0,15
2012/01/16,38,1,47
2012/01/16,39,0,19
2012/01/16,40,0,15
2012/01/16,41,0,3
2012/01/16,42,1,19
2012/01/16,43,0,3
2012/01/16,44,0,3
2012/01/16,45,0,19
2012/01/16,46,0,19
2012/01/16,47,0,11
2012/01/16,48,0,15
2012/01/16,49,0,15
2012/01/16,50,0,15
2012/01/16,51,0,15
2012/01/16,52,0,15
2012/01/16,53,0,15
2012/01/16,54,0,11
2012/01/16,55,0,14
2012/01/16,56,0,15
2012/01/16,57,0,11
2012/01/16,58,0,27
2012/01/16,59,0,15
2012/01/16,60,0,15
2012/01/16,61,0,25
2012/01/16,62,0,3
2012/01/16,63,0,15
2012/01/16,64,0,3
2012/01/17,3,0,3
2012/01/17,4,0,15
2012/01/17,5,0,15
2012/01/17,6,0,11
2012/01/17,7,0,15
2012/01/17,8,0,15
2012/01/17,9,0,19
2012/01/17,10,0,19
2012/01/17,11,0,15
2012/01/17,12,0,15
2012/01/17,13,0,3
2012/01/17,14,0,3
2012/01/17,15,0,15
2012/01/17,16,0,19
2012/01/17,17,0,15
2012/01/17,18,0,15
2012/01/17,20,0,19
2012/01/17,21,2,3
2012/01/17,22,0,3
2012/01/17,23,0,19
2012/01/17,24,0,15
2012/01/17,25,0,15
2012/01/17,26,0,15
2012/01/17,27,0,3
2012/01/17,29,0,15
2012/01/17,30,0,15
2012/01/17,31,0,11
2012/01/17,32,0,11
2012/01/17,33,0,19
2012/01/17,35,0,11
2012/01/17,36,0,17
2012/01/17,37,0,15
2012/01/17,38,1,47
2012/01/17,39,0,19
2012/01/17,40,0,15
2012/01/17,41,0,3
2012/01/17,42,1,19
2012/01/17,43,0,3
2012/01/17,44,0,3
2012/01/17,45,0,19
2012/01/17,46,0,19
2012/01/17,47,0,11
2012/01/17,48,0,15
2012/01/17,49,0,15
2012/01/17,50,0,15
2012/01/17,51,0,15
2012/01/17,52,0,15
2012/01/17,53,0,15
2012/01/17,54,0,11
2012/01/17,55,0,14
2012/01/17,56,0,15
2012/01/17,57,0,11
2012/01/17,58,0,27
2012/01/17,59,0,15
2012/01/17,60,0,15
2012/01/17,61,0,25
2012/01/17,62,0,3
2012/01/17,63,0,15
2012/01/17,64,0,3
2012/01/18,3,0,3
2012/01/18,4,0,15
2012/01/18,5,0,15
2012/01/18,6,0,11
2012/01/18,7,0,15
2012/01/18,8,0,15
2012/01/18,9,0,19
2012/01/18,10,0,19
2012/01/18,11,0,15
2012/01/18,12,0,15
2012/01/18,13,0,3
2012/01/18,14,0,3
2012/01/18,15,0,15
2012/01/18,16,0,19
2012/01/18,17,0,15
2012/01/18,18,0,15
2012/01/18,20,0,19
2012/01/18,21,2,3
2012/01/18,22,0,3
2012/01/18,23,0,19
2012/01/18,24,0,15
2012/01/18,25,0,15
2012/01/18,26,0,15
2012/01/18,27,0,3
2012/01/18,29,0,15
2012/01/18,30,0,15
2012/01/18,31,0,11
2012/01/18,32,0,11
2012/01/18,33,0,19
2012/01/18,35,0,11
2012/01/18,36,0,17
2012/01/18,37,0,15
2012/01/18,38,1,47
2012/01/18,39,0,19
2012/01/18,40,0,15
2012/01/18,41,0,3
2012/01/18,42,1,19
2012/01/18,43,0,3
2012/01/18,44,0,3
2012/01/18,45,0,19
2012/01/18,46,0,19
2012/01/18,47,0,11
2012/01/18,48,0,15
2012/01/18,49,0,15
2012/01/18,50,0,15
2012/01/18,51,0,15
2012/01/18,52,0,15
2012/01/18,53,0,15
2012/01/18,54,0,11
2012/01/18,55,0,14
2012/01/18,56,0,15
2012/01/18,57,0,11
2012/01/18,58,0,27
2012/01/18,59,0,15
2012/01/18,60,0,15
2012/01/18,61,0,25
2012/01/18,62,0,3
2012/01/18,63,0,15
2012/01/18,64,0,3
2012/01/19,3,0,3
2012/01/19,4,0,15
2012/01/19,5,0,15
2012/01/19,6,0,11
2012/01/19,7,0,15
2012/01/19,8,0,15
2012/01/19,9,0,19
2012/01/19,10,0,19
2012/01/19,11,0,15
2012/01/19,12,0,15
2012/01/19,13,0,3
2012/01/19,14,0,3
2012/01/19,15,0,15
2012/01/19,16,0,19
2012/01/19,17,0,15
2012/01/19,18,0,15
2012/01/19,20,0,19
2012/01/19,21,2,3
2012/01/19,22,0,3
2012/01/19,23,0,19
2012/01/19,24,0,15
2012/01/19,25,0,15
2012/01/19,26,0,15
2012/01/19,27,0,3
2012/01/19,29,0,15
2012/01/19,30,0,15
2012/01/19,31,0,11
2012/01/19,32,0,11
2012/01/19,33,0,19
2012/01/19,35,0,11
2012/01/19,36,0,17
2012/01/19,37,0,15
2012/01/19,38,1,47
2012/01/19,39,0,19
2012/01/19,40,0,15
2012/01/19,41,0,3
2012/01/19,42,1,19
2012/01/19,43,0,3
2012/01/19,44,0,3
2012/01/19,45,0,19
2012/01/19,46,0,19
2012/01/19,47,0,11
2012/01/19,48,0,15
2012/01/19,49,0,15
2012/01/19,50,0,15
2012/01/19,51,0,15
2012/01/19,52,0,15
2012/01/19,53,0,15
2012/01/19,54,0,11
2012/01/19,55,0,14
2012/01/19,56,0,15
2012/01/19,57,0,11
2012/01/19,58,0,27
2012/01/19,59,0,15
2012/01/19,60,0,15
2012/01/19,61,0,25
2012/01/19,62,0,3
2012/01/19,63,0,15
2012/01/19,64,0,3
2012/01/20,3,0,3
2012/01/20,4,0,15
2012/01/20,5,0,15
2012/01/20,6,0,11
2012/01/20,7,0,15
2012/01/20,8,0,15
2012/01/20,9,0,19
2012/01/20,10,0,19
2012/01/20,11,0,15
2012/01/20,12,0,15
2012/01/20,13,0,3
2012/01/20,14,0,3
2012/01/20,15,0,15
2012/01/20,16,0,19
2012/01/20,17,0,15
2012/01/20,18,0,15
2012/01/20,20,0,19
2012/01/20,21,2,3
2012/01/20,22,0,3
2012/01/20,23,0,19
2012/01/20,24,0,15
2012/01/20,25,0,15
2012/01/20,26,0,15
2012/01/20,27,0,3
2012/01/20,29,0,15
2012/01/20,30,0,15
2012/01/20,31,0,11
2012/01/20,32,0,11
2012/01/20,33,0,19
2012/01/20,35,0,11
2012/01/20,36,0,17
2012/01/20,37,0,15
2012/01/20,38,1,47
2012/01/20,39,0,19
2012/01/20,40,0,15
2012/01/20,41,0,3
2012/01/20,42,1,19
2012/01/20,43,0,3
2012/01/20,44,0,3
2012/01/20,45,0,19
2012/01/20,46,0,19
2012/01/20,47,0,11
2012/01/20,48,0,15
2012/01/20,49,0,15
2012/01/20,50,0,15
2012/01/20,51,0,15
2012/01/20,52,0,15
2012/01/20,53,0,15
2012/01/20,54,0,11
2012/01/20,55,0,14
2012/01/20,56,0,15
2012/01/20,57,0,11
2012/01/20,58,0,27
2012/01/20,59,0,15
2012/01/20,60,0,15
2012/01/20,61,0,25
2012/01/20,62,0,3
2012/01/20,63,0,15
2012/01/20,64,0,3
2012/01/21,3,0,3
2012/01/21,4,0,15
2012/01/21,5,0,15
2012/01/21,6,0,11
2012/01/21,7,0,15
2012/01/21,8,0,15
2012/01/21,9,0,19
2012/01/21,10,0,19
2012/01/21,11,0,15
2012/01/21,12,0,15
2012/01/21,13,0,3
2012/01/21,14,0,3
2012/01/21,15,0,15
2012/01/21,16,0,19
2012/01/21,17,0,15
2012/01/21,18,0,15
2012/01/21,20,0,19
2012/01/21,21,2,3
2012/01/21,22,0,3
2012/01/21,23,0,19
2012/01/21,24,0,15
2012/01/21,25,0,15
2012/01/21,26,0,15
2012/01/21,27,0,3
2012/01/21,29,0,15
2012/01/21,30,0,15
2012/01/21,31,0,11
2012/01/21,32,0,11
2012/01/21,33,0,19
2012/01/21,35,0,11
2012/01/21,36,0,17
2012/01/21,37,0,15
2012/01/21,38,1,47
2012/01/21,39,0,19
2012/01/21,40,0,15
2012/01/21,41,0,3
2012/01/21,42,1,19
2012/01/21,43,0,3
2012/01/21,44,0,3
2012/01/21,45,0,19
2012/01/21,46,0,19
2012/01/21,47,0,11
2012/01/21,48,0,15
2012/01/21,49,0,15
2012/01/21,50,0,15
2012/01/21,51,0,15
2012/01/21,52,0,15
2012/01/21,53,0,15
2012/01/21,54,0,11
2012/01/21,55,0,14
2012/01/21,56,0,15
2012/01/21,57,0,11
2012/01/21,58,0,27
2012/01/21,59,0,15
2012/01/21,60,0,15
2012/01/21,61,0,25
2012/01/21,62,0,3
2012/01/21,63,0,15
2012/01/21,64,0,3
2012/01/22,3,0,3
2012/01/22,4,0,15
2012/01/22,5,0,15
2012/01/22,6,0,11
2012/01/22,7,0,15
2012/01/22,8,0,15
2012/01/22,9,0,19
2012/01/22,10,0,19
2012/01/22,11,0,15
2012/01/22,12,0,15
2012/01/22,13,0,3
2012/01/22,14,0,3
2012/01/22,15,0,15
2012/01/22,16,0,19
2012/01/22,17,0,15
2012/01/22,18,0,15
2012/01/22,20,0,19
2012/01/22,21,2,3
2012/01/22,22,0,3
2012/01/22,23,0,19
2012/01/22,24,0,15
2012/01/22,25,0,15
2012/01/22,26,0,15
2012/01/22,27,0,3
2012/01/22,29,0,15
2012/01/22,30,0,15
2012/01/22,31,0,11
2012/01/22,32,0,11
2012/01/22,33,0,19
2012/01/22,35,0,11
2012/01/22,36,0,17
2012/01/22,37,0,15
2012/01/22,38,1,47
2012/01/22,39,0,19
2012/01/22,40,0,15
2012/01/22,41,0,3
2012/01/22,42,1,19
2012/01/22,43,0,3
2012/01/22,44,0,3
2012/01/22,45,0,19
2012/01/22,46,0,19
2012/01/22,47,0,11
2012/01/22,48,0,15
2012/01/22,49,0,15
2012/01/22,50,0,15
2012/01/22,51,0,15
2012/01/22,52,0,15
2012/01/22,53,0,15
2012/01/22,54,0,11
2012/01/22,55,0,14
2012/01/22,56,0,15
2012/01/22,57,0,11
2012/01/22,58,0,27
2012/01/22,59,0,15
2012/01/22,60,0,15
2012/01/22,61,0,25
2012/01/22,62,0,3
2012/01/22,63,0,15
2012/01/22,64,0,3
2012/01/23,3,0,3
2012/01/23,4,0,15
2012/01/23,5,0,15
2012/01/23,6,0,11
2012/01/23,7,0,15
2012/01/23,8,0,15
2012/01/23,9,0,19
2012/01/23,10,0,19
2012/01/23,11,0,15
2012/01/23,12,0,15
2012/01/23,13,0,3
2012/01/23,14,0,3
2012/01/23,15,0,15
2012/01/23,16,0,19
2012/01/23,17,0,15
2012/01/23,18,0,15
2012/01/23,20,0,19
2012/01/23,21,2,3
2012/01/23,22,0,3
2012/01/23,23,0,19
2012/01/23,24,0,15
2012/01/23,25,0,15
2012/01/23,26,0,15
2012/01/23,27,0,3
2012/01/23,29,0,15
2012/01/23,30,0,15
2012/01/23,31,0,11
2012/01/23,32,0,11
2012/01/23,33,0,19
2012/01/23,35,0,11
2012/01/23,36,0,17
2012/01/23,37,0,15
2012/01/23,38,1,47
2012/01/23,39,0,19
2012/01/23,40,0,15
2012/01/23,41,0,3
2012/01/23,42,1,19
2012/01/23,43,0,3
2012/01/23,44,0,3
2012/01/23,45,0,19
2012/01/23,46,0,19
2012/01/23,47,0,11
2012/01/23,48,0,15
2012/01/23,49,0,15
2012/01/23,50,0,15
2012/01/23,51,0,15
2012/01/23,52,0,15
2012/01/23,53,0,15
2012/01/23,54,0,11
2012/01/23,55,0,14
2012/01/23,56,0,15
2012/01/23,57,0,11
2012/01/23,58,0,27
2012/01/23,59,0,15
2012/01/23,60,0,15
2012/01/23,61,0,25
2012/01/23,62,0,3
2012/01/23,63,0,15
2012/01/23,64,0,3
2012/01/24,3,0,3
2012/01/24,4,0,15
2012/01/24,5,0,15
2012/01/24,6,0,11
2012/01/24,7,0,15
2012/01/24,8,0,15
2012/01/24,9,0,19
2012/01/24,10,0,19
2012/01/24,11,0,15
2012/01/24,12,0,15
2012/01/24,13,0,3
2012/01/24,14,0,3
2012/01/24,15,0,15
2012/01/24,16,0,19
2012/01/24,17,0,15
2012/01/24,18,0,15
2012/01/24,20,0,19
2012/01/24,21,2,3
2012/01/24,22,0,3
2012/01/24,23,0,19
2012/01/24,24,0,15
2012/01/24,25,0,15
2012/01/24,26,0,15
2012/01/24,27,0,3
2012/01/24,29,0,15
2012/01/24,30,0,15
2012/01/24,31,0,11
2012/01/24,32,0,11
2012/01/24,33,0,19
2012/01/24,35,0,11
2012/01/24,36,0,17
2012/01/24,37,0,15
2012/01/24,38,1,47
2012/01/24,39,0,19
2012/01/24,40,0,15
2012/01/24,41,0,3
2012/01/24,42,1,19
2012/01/24,43,0,3
2012/01/24,44,0,3
2012/01/24,45,0,19
2012/01/24,46,0,19
2012/01/24,47,0,11
2012/01/24,48,0,15
2012/01/24,49,0,15
2012/01/24,50,0,15
2012/01/24,51,0,15
2012/01/24,52,0,15
2012/01/24,53,0,15
2012/01/24,54,0,11
2012/01/24,55,0,14
2012/01/24,56,0,15
2012/01/24,57,0,11
2012/01/24,58,0,27
2012/01/24,59,0,15
2012/01/24,60,0,15
2012/01/24,61,0,25
2012/01/24,62,0,3
2012/01/24,63,0,15
2012/01/24,64,0,3
2012/01/25,3,0,3
2012/01/25,4,0,15
2012/01/25,5,0,15
2012/01/25,6,0,11
2012/01/25,7,0,15
2012/01/25,8,0,15
2012/01/25,9,0,19
2012/01/25,10,0,19
2012/01/25,11,0,15
2012/01/25,12,0,15
2012/01/25,13,0,3
2012/01/25,14,0,3
2012/01/25,15,0,15
2012/01/25,16,0,19
2012/01/25,17,0,15
2012/01/25,18,0,15
2012/01/25,20,0,19
2012/01/25,21,2,3
2012/01/25,22,0,3
2012/01/25,23,0,19
2012/01/25,24,0,15
2012/01/25,25,0,15
2012/01/25,26,0,15
2012/01/25,27,0,3
2012/01/25,29,0,15
2012/01/25,30,0,15
2012/01/25,31,0,11
2012/01/25,32,0,11
2012/01/25,33,0,19
2012/01/25,35,0,11
2012/01/25,36,0,17
2012/01/25,37,0,15
2012/01/25,38,1,47
2012/01/25,39,0,19
2012/01/25,40,0,15
2012/01/25,41,0,3
2012/01/25,42,1,19
2012/01/25,43,0,3
2012/01/25,44,0,3
2012/01/25,45,0,19
2012/01/25,46,0,19
2012/01/25,47,0,11
2012/01/25,48,0,15
2012/01/25,49,0,15
2012/01/25,50,0,15
2012/01/25,51,0,15
2012/01/25,52,0,15
2012/01/25,53,0,15
2012/01/25,54,0,11
2012/01/25,55,0,14
2012/01/25,56,0,15
2012/01/25,57,0,11
2012/01/25,58,0,27
2012/01/25,59,0,15
2012/01/25,60,0,15
2012/01/25,61,0,25
2012/01/25,62,0,3
2012/01/25,63,0,15
2012/01/25,64,0,3
2012/01/26,3,0,3
2012/01/26,4,0,15
2012/01/26,5,0,15
2012/01/26,6,0,11
2012/01/26,7,0,15
2012/01/26,8,0,15
2012/01/26,9,0,19
2012/01/26,10,0,19
2012/01/26,11,0,15
2012/01/26,12,0,15
2012/01/26,13,0,3
2012/01/26,14,0,3
2012/01/26,15,0,15
2012/01/26,16,0,19
2012/01/26,17,0,15
2012/01/26,18,0,15
2012/01/26,20,0,19
2012/01/26,21,2,3
2012/01/26,22,0,3
2012/01/26,23,0,19
2012/01/26,24,0,15
2012/01/26,25,0,15
2012/01/26,26,0,15
2012/01/26,27,0,3
2012/01/26,29,0,15
2012/01/26,30,0,15
2012/01/26,31,0,11
2012/01/26,32,0,11
2012/01/26,33,0,19
2012/01/26,35,0,11
2012/01/26,36,0,17
2012/01/26,37,0,15
2012/01/26,38,1,47
2012/01/26,39,0,19
2012/01/26,40,0,15
2012/01/26,41,0,3
2012/01/26,42,1,19
2012/01/26,43,0,3
2012/01/26,44,0,3
2012/01/26,45,0,19
2012/01/26,46,0,19
2012/01/26,47,0,11
2012/01/26,48,0,15
2012/01/26,49,0,15
2012/01/26,50,0,15
2012/01/26,51,0,15
2012/01/26,52,0,15
2012/01/26,53,0,15
2012/01/26,54,0,11
2012/01/26,55,0,14
2012/01/26,56,0,15
2012/01/26,57,0,11
2012/01/26,58,0,27
2012/01/26,59,0,15
2012/01/26,60,0,15
2012/01/26,61,0,25
2012/01/26,62,0,3
2012/01/26,63,0,15
2012/01/26,64,0,3
2012/01/27,3,0,3
2012/01/27,4,0,15
2012/01/27,5,0,15
2012/01/27,6,0,11
2012/01/27,7,0,15
2012/01/27,8,0,15
2012/01/27,9,0,19
2012/01/27,10,0,19
2012/01/27,11,0,15
2012/01/27,12,0,15
2012/01/27,13,0,3
2012/01/27,14,0,3
2012/01/27,15,0,15
2012/01/27,16,0,19
2012/01/27,17,0,15
2012/01/27,18,0,15
2012/01/27,20,0,19
2012/01/27,21,2,3
2012/01/27,22,0,3
2012/01/27,23,0,19
2012/01/27,24,0,15
2012/01/27,25,0,15
2012/01/27,26,0,15
2012/01/27,27,0,3
2012/01/27,29,0,15
2012/01/27,30,0,15
2012/01/27,31,0,11
2012/01/27,32,0,11
2012/01/27,33,0,19
2012/01/27,35,0,11
2012/01/27,36,0,17
2012/01/27,37,0,15
2012/01/27,38,1,47
2012/01/27,39,0,19
2012/01/27,40,0,15
2012/01/27,41,0,3
2012/01/27,42,1,19
2012/01/27,43,0,3
2012/01/27,44,0,3
2012/01/27,45,0,19
2012/01/27,46,0,19
2012/01/27,47,0,11
2012/01/27,48,0,15
2012/01/27,49,0,15
2012/01/27,50,0,15
2012/01/27,51,0,15
2012/01/27,52,0,15
2012/01/27,53,0,15
2012/01/27,54,0,11
2012/01/27,55,0,14
2012/01/27,56,0,15
2012/01/27,57,0,11
2012/01/27,58,0,27
2012/01/27,59,0,15
2012/01/27,60,0,15
2012/01/27,61,0,25
2012/01/27,62,0,3
2012/01/27,63,0,15
2012/01/27,64,0,3
2012/01/28,3,0,3
2012/01/28,4,0,15
2012/01/28,5,0,15
2012/01/28,6,0,11
2012/01/28,7,0,15
2012/01/28,8,0,15
2012/01/28,9,0,19
2012/01/28,10,0,19
2012/01/28,11,0,15
2012/01/28,12,0,15
2012/01/28,13,0,3
2012/01/28,14,0,3
2012/01/28,15,0,15
2012/01/28,16,0,19
2012/01/28,17,0,15
2012/01/28,18,0,15
2012/01/28,20,0,19
2012/01/28,21,2,3
2012/01/28,22,0,3
2012/01/28,23,0,19
2012/01/28,24,0,15
2012/01/28,25,0,15
2012/01/28,26,0,15
2012/01/28,27,0,3
2012/01/28,29,0,15
2012/01/28,30,0,15
2012/01/28,31,0,11
2012/01/28,32,0,11
2012/01/28,33,0,19
2012/01/28,35,0,11
2012/01/28,36,0,17
2012/01/28,37,0,15
2012/01/28,38,1,47
2012/01/28,39,0,19
2012/01/28,40,0,15
2012/01/28,41,0,3
2012/01/28,42,1,19
2012/01/28,43,0,3
2012/01/28,44,0,3
2012/01/28,45,0,19
2012/01/28,46,0,19
2012/01/28,47,0,11
2012/01/28,48,0,15
2012/01/28,49,0,15
2012/01/28,50,0,15
2012/01/28,51,0,15
2012/01/28,52,0,15
2012/01/28,53,0,15
2012/01/28,54,0,11
2012/01/28,55,0,14
2012/01/28,56,0,15
2012/01/28,57,0,11
2012/01/28,58,0,27
2012/01/28,59,0,15
2012/01/28,60,0,15
2012/01/28,61,0,25
2012/01/28,62,0,3
2012/01/28,63,0,15
2012/01/28,64,0,3
2012/01/29,3,0,3
2012/01/29,4,0,15
2012/01/29,5,0,15
2012/01/29,6,0,11
2012/01/29,7,0,15
2012/01/29,8,0,15
2012/01/29,9,0,19
2012/01/29,10,0,19
2012/01/29,11,0,15
2012/01/29,12,0,15
2012/01/29,13,0,3
2012/01/29,14,0,3
2012/01/29,15,0,15
2012/01/29,16,0,19
2012/01/29,17,0,15
2012/01/29,18,0,15
2012/01/29,20,0,19
2012/01/29,21,2,3
2012/01/29,22,0,3
2012/01/29,23,0,19
2012/01/29,24,0,15
2012/01/29,25,0,15
2012/01/29,26,0,15
2012/01/29,27,0,3
2012/01/29,29,0,15
2012/01/29,30,0,15
2012/01/29,31,0,11
2012/01/29,32,0,11
2012/01/29,33,0,19
2012/01/29,35,0,11
2012/01/29,36,0,17
2012/01/29,37,0,15
2012/01/29,38,1,47
2012/01/29,39,0,19
2012/01/29,40,0,15
2012/01/29,41,0,3
2012/01/29,42,1,19
2012/01/29,43,0,3
2012/01/29,44,0,3
2012/01/29,45,0,19
2012/01/29,46,0,19
2012/01/29,47,0,11
2012/01/29,48,0,15
2012/01/29,49,0,15
2012/01/29,50,0,15
2012/01/29,51,0,15
2012/01/29,52,0,15
2012/01/29,53,0,15
2012/01/29,54,0,11
2012/01/29,55,0,14
2012/01/29,56,0,15
2012/01/29,57,0,11
2012/01/29,58,0,27
2012/01/29,59,0,15
2012/01/29,60,0,15
2012/01/29,61,0,25
2012/01/29,62,0,3
2012/01/29,63,0,15
2012/01/29,64,0,3
2012/01/30,3,0,3
2012/01/30,4,0,15
2012/01/30,5,0,15
2012/01/30,6,0,11
2012/01/30,7,0,15
2012/01/30,8,0,15
2012/01/30,9,0,19
2012/01/30,10,0,19
2012/01/30,11,0,15
2012/01/30,12,0,15
2012/01/30,13,0,3
2012/01/30,14,0,3
2012/01/30,15,0,15
2012/01/30,16,0,19
2012/01/30,17,0,15
2012/01/30,18,0,15
2012/01/30,20,0,19
2012/01/30,21,2,3
2012/01/30,22,0,3
2012/01/30,23,0,19
2012/01/30,24,0,15
2012/01/30,25,0,15
2012/01/30,26,0,15
2012/01/30,27,0,3
2012/01/30,29,0,15
2012/01/30,30,0,15
2012/01/30,31,0,11
2012/01/30,32,0,11
2012/01/30,33,0,19
2012/01/30,35,0,11
2012/01/30,36,0,17
2012/01/30,37,0,15
2012/01/30,38,1,47
2012/01/30,39,0,19
2012/01/30,40,0,15
2012/01/30,41,0,3
2012/01/30,42,1,19
2012/01/30,43,0,3
2012/01/30,44,0,3
2012/01/30,45,0,19
2012/01/30,46,0,19
2012/01/30,47,0,11
2012/01/30,48,0,15
2012/01/30,49,0,15
2012/01/30,50,0,15
2012/01/30,51,0,15
2012/01/30,52,0,15
2012/01/30,53,0,15
2012/01/30,54,0,11
2012/01/30,55,0,14
2012/01/30,56,0,15
2012/01/30,57,0,11
2012/01/30,58,0,27
2012/01/30,59,0,15
2012/01/30,60,0,15
2012/01/30,61,0,25
2012/01/30,62,0,3
2012/01/30,63,0,15
2012/01/30,64,0,3
2012/01/31,3,0,3
2012/01/31,4,0,15
2012/01/31,5,0,15
2012/01/31,6,0,11
2012/01/31,7,0,15
2012/01/31,8,0,15
2012/01/31,9,0,19
2012/01/31,10,0,19
2012/01/31,11,0,15
2012/01/31,12,0,15
2012/01/31,13,0,3
2012/01/31,14,0,3
2012/01/31,15,0,15
2012/01/31,16,0,19
2012/01/31,17,0,15
2012/01/31,18,0,15
2012/01/31,20,0,19
2012/01/31,21,2,3
2012/01/31,22,0,3
2012/01/31,23,0,19
2012/01/31,24,0,15
2012/01/31,25,0,15
2012/01/31,26,0,15
2012/01/31,27,0,3
2012/01/31,29,0,15
2012/01/31,30,0,15
2012/01/31,31,0,11
2012/01/31,32,0,11
2012/01/31,33,0,19
2012/01/31,35,0,11
2012/01/31,36,0,17
2012/01/31,37,0,15
2012/01/31,38,1,47
2012/01/31,39,0,19
2012/01/31,40,0,15
2012/01/31,41,0,3
2012/01/31,42,1,19
2012/01/31,43,0,3
2012/01/31,44,0,3
2012/01/31,45,0,19
2012/01/31,46,0,19
2012/01/31,47,0,11
2012/01/31,48,0,15
2012/01/31,49,0,15
2012/01/31,50,0,15
2012/01/31,51,0,15
2012/01/31,52,0,15
2012/01/31,53,0,15
2012/01/31,54,0,11
2012/01/31,55,0,14
2012/01/31,56,0,15
2012/01/31,57,0,11
2012/01/31,58,0,27
2012/01/31,59,0,15
2012/01/31,60,0,15
2012/01/31,61,0,25
2012/01/31,62,0,3
2012/01/31,63,0,15
2012/01/31,64,0,3
2012/01/31,3,4,15
2012/01/31,4,9,15
2012/01/31,6,12,15
2012/01/31,7,3,15
2012/01/31,8,13,14
2012/01/31,9,10,19
2012/01/31,10,14,19
2012/01/31,11,6,15
2012/01/31,12,8,14
2012/01/31,13,10,15
2012/01/31,14,3,17
2012/01/31,15,6,14
2012/01/31,16,17,19
2012/01/31,17,7,15
2012/01/31,18,2,14
2012/01/31,20,16,19
2012/01/31,21,6,25
2012/01/31,22,20,45
2012/01/31,23,8,19
2012/01/31,24,4,18
2012/01/31,25,9,10
2012/01/31,26,3,12
2012/01/31,27,7,15
2012/01/31,29,6,15
2012/01/31,30,7,14
2012/01/31,31,1,15
2012/01/31,32,11,11
2012/01/31,33,6,16
2012/01/31,35,1,10
2012/01/31,36,21,23
2012/01/31,37,11,15
2012/01/31,38,27,44
2012/01/31,39,18,19
2012/01/31,40,13,14
2012/01/31,41,14,18
2012/01/31,42,4,19
2012/01/31,43,3,15
2012/01/31,44,15,18
2012/01/31,45,11,18
2012/01/31,46,12,18
2012/01/31,47,5,11
2012/01/31,48,0,15
2012/01/31,49,2,15
2012/01/31,50,8,15
2012/01/31,51,7,15
2012/01/31,52,5,15
2012/01/31,53,13,15
2012/01/31,54,0,15
2012/01/31,55,3,15
2012/01/31,56,12,15
2012/01/31,57,11,11
2012/01/31,58,6,18
2012/01/31,59,11,15
2012/01/31,60,13,15
2012/01/31,61,12,19
2012/01/31,62,6,14
2012/01/31,63,8,15
2012/01/31,64,6,15
2012/01/31,5,8,15
