id,status,duration,start_date,start_station,end_date,end_station
172646,Closed,1328278,2012-03-29 14:19:00-04,27,2012-04-13 23:17:00-04,62
175204,Closed,3428206,2012-03-31 18:47:00-04,42,2012-05-10 11:04:00-04,26
182152,Closed,309138,2012-04-05 18:12:00-04,22,2012-04-09 08:04:00-04,22
183596,Closed,1447384,2012-04-06 16:47:00-04,63,2012-04-23 10:50:00-04,63
184248,Closed,329275,2012-04-07 02:13:00-04,36,2012-04-10 21:41:00-04,27
184694,Closed,155848,2012-04-07 13:22:00-04,41,2012-04-09 08:39:00-04,9
185328,Closed,121326,2012-04-07 22:12:00-04,33,2012-04-09 07:54:00-04,44
186336,Closed,1052,2012-04-08 23:48:00-04,46,2012-04-09 00:06:00-04,55
186340,Closed,912,2012-04-08 23:53:00-04,55,2012-04-09 00:08:00-04,41
186341,Closed,671,2012-04-09 00:03:00-04,55,2012-04-09 00:14:00-04,41
186342,Closed,643,2012-04-09 00:05:00-04,9,2012-04-09 00:15:00-04,18
186343,Closed,1128,2012-04-09 00:20:00-04,41,2012-04-09 00:39:00-04,45
186344,Closed,670,2012-04-09 00:22:00-04,49,2012-04-09 00:34:00-04,38
186345,Closed,299,2012-04-09 00:23:00-04,32,2012-04-09 00:28:00-04,14
186346,Closed,263,2012-04-09 00:24:00-04,55,2012-04-09 00:29:00-04,34
186347,Closed,377,2012-04-09 00:31:00-04,14,2012-04-09 00:37:00-04,46
186348,Closed,607,2012-04-09 00:36:00-04,42,2012-04-09 00:46:00-04,55
186349,Closed,550,2012-04-09 00:36:00-04,42,2012-04-09 00:45:00-04,55
186350,Closed,539,2012-04-09 00:36:00-04,42,2012-04-09 00:45:00-04,55
186351,Closed,482,2012-04-09 00:37:00-04,42,2012-04-09 00:45:00-04,55
186352,Closed,766,2012-04-09 00:44:00-04,45,2012-04-09 00:56:00-04,36
186353,Closed,554,2012-04-09 00:53:00-04,38,2012-04-09 01:02:00-04,44
186354,Closed,651,2012-04-09 01:01:00-04,16,2012-04-09 01:12:00-04,32
186355,Closed,923,2012-04-09 01:02:00-04,36,2012-04-09 01:17:00-04,4
186356,Closed,975,2012-04-09 01:06:00-04,4,2012-04-09 01:22:00-04,38
186357,Closed,279,2012-04-09 01:24:00-04,44,2012-04-09 01:29:00-04,6
186358,Closed,942,2012-04-09 01:26:00-04,14,2012-04-09 01:42:00-04,39
186363,Closed,455,2012-04-09 03:13:00-04,12,2012-04-09 03:21:00-04,32
186365,Closed,198,2012-04-09 04:01:00-04,9,2012-04-09 04:05:00-04,41
186366,Closed,322,2012-04-09 04:35:00-04,12,2012-04-09 04:40:00-04,4
186367,Closed,488,2012-04-09 04:47:00-04,52,2012-04-09 04:55:00-04,49
186368,Closed,343,2012-04-09 05:09:00-04,57,2012-04-09 05:15:00-04,26
186369,Closed,400,2012-04-09 05:10:00-04,60,2012-04-09 05:16:00-04,36
186370,Closed,233,2012-04-09 05:56:00-04,57,2012-04-09 05:59:00-04,13
186371,Closed,445,2012-04-09 06:08:00-04,26,2012-04-09 06:15:00-04,57
186372,Closed,328,2012-04-09 06:16:00-04,22,2012-04-09 06:22:00-04,40
186373,Closed,1100,2012-04-09 06:19:00-04,12,2012-04-09 06:37:00-04,22
186374,Closed,503,2012-04-09 06:19:00-04,38,2012-04-09 06:27:00-04,42
186375,Closed,384,2012-04-09 06:24:00-04,4,2012-04-09 06:30:00-04,22
186376,Closed,275,2012-04-09 06:27:00-04,38,2012-04-09 06:31:00-04,43
186378,Closed,253,2012-04-09 06:28:00-04,38,2012-04-09 06:32:00-04,44
186379,Closed,1289,2012-04-09 06:28:00-04,18,2012-04-09 06:50:00-04,58
186380,Closed,528,2012-04-09 06:29:00-04,16,2012-04-09 06:38:00-04,13
186381,Closed,260,2012-04-09 06:31:00-04,20,2012-04-09 06:35:00-04,22
186382,Closed,335,2012-04-09 06:33:00-04,57,2012-04-09 06:38:00-04,4
186383,Closed,418,2012-04-09 06:35:00-04,58,2012-04-09 06:42:00-04,21
186384,Closed,405,2012-04-09 06:35:00-04,58,2012-04-09 06:42:00-04,21
186386,Closed,786,2012-04-09 06:40:00-04,36,2012-04-09 06:53:00-04,34
186387,Closed,679,2012-04-09 06:42:00-04,23,2012-04-09 06:53:00-04,33
186388,Closed,644,2012-04-09 06:42:00-04,22,2012-04-09 06:53:00-04,21
186390,Closed,627,2012-04-09 06:42:00-04,25,2012-04-09 06:53:00-04,35
186392,Closed,317,2012-04-09 06:42:00-04,22,2012-04-09 06:48:00-04,42
186393,Closed,409,2012-04-09 06:43:00-04,22,2012-04-09 06:50:00-04,50
186394,Closed,511,2012-04-09 06:47:00-04,22,2012-04-09 06:56:00-04,6
186395,Closed,418,2012-04-09 06:48:00-04,38,2012-04-09 06:55:00-04,64
186396,Closed,291,2012-04-09 06:48:00-04,40,2012-04-09 06:53:00-04,22
186399,Closed,422,2012-04-09 06:52:00-04,39,2012-04-09 06:59:00-04,48
186400,Closed,479,2012-04-09 06:55:00-04,38,2012-04-09 07:03:00-04,35
186401,Closed,1033,2012-04-09 06:58:00-04,53,2012-04-09 07:15:00-04,15
186402,Closed,1026,2012-04-09 07:00:00-04,58,2012-04-09 07:17:00-04,9
186403,Closed,526,2012-04-09 07:00:00-04,57,2012-04-09 07:09:00-04,11
186404,Closed,1678,2012-04-09 07:00:00-04,38,2012-04-09 07:28:00-04,9
186405,Closed,735,2012-04-09 07:01:00-04,23,2012-04-09 07:13:00-04,52
186406,Closed,233,2012-04-09 07:01:00-04,40,2012-04-09 07:05:00-04,43
186407,Closed,823,2012-04-09 07:02:00-04,38,2012-04-09 07:15:00-04,7
186408,Closed,918,2012-04-09 07:02:00-04,53,2012-04-09 07:17:00-04,22
186409,Closed,193,2012-04-09 07:03:00-04,22,2012-04-09 07:06:00-04,43
186410,Closed,498,2012-04-09 07:03:00-04,22,2012-04-09 07:12:00-04,38
186411,Closed,255,2012-04-09 07:05:00-04,58,2012-04-09 07:09:00-04,49
186412,Closed,363,2012-04-09 07:05:00-04,62,2012-04-09 07:11:00-04,10
186413,Closed,723,2012-04-09 07:09:00-04,45,2012-04-09 07:21:00-04,35
186414,Closed,412,2012-04-09 07:10:00-04,38,2012-04-09 07:16:00-04,35
186415,Closed,451,2012-04-09 07:13:00-04,39,2012-04-09 07:20:00-04,12
186416,Closed,477,2012-04-09 07:14:00-04,6,2012-04-09 07:22:00-04,22
186417,Closed,412,2012-04-09 07:14:00-04,43,2012-04-09 07:21:00-04,42
186418,Closed,366,2012-04-09 07:15:00-04,39,2012-04-09 07:21:00-04,50
186421,Closed,166,2012-04-09 07:18:00-04,35,2012-04-09 07:21:00-04,48
186422,Closed,480,2012-04-09 07:18:00-04,5,2012-04-09 07:26:00-04,10
186423,Closed,797,2012-04-09 07:18:00-04,16,2012-04-09 07:32:00-04,20
186424,Closed,626,2012-04-09 07:20:00-04,57,2012-04-09 07:30:00-04,22
186425,Closed,247,2012-04-09 07:22:00-04,42,2012-04-09 07:26:00-04,54
186426,Closed,1245,2012-04-09 07:23:00-04,22,2012-04-09 07:44:00-04,3
186427,Closed,1722,2012-04-09 07:23:00-04,38,2012-04-09 07:52:00-04,11
186428,Closed,324,2012-04-09 07:24:00-04,24,2012-04-09 07:29:00-04,48
186429,Closed,400,2012-04-09 07:24:00-04,22,2012-04-09 07:31:00-04,50
186430,Closed,277,2012-04-09 07:25:00-04,38,2012-04-09 07:30:00-04,23
186431,Closed,628,2012-04-09 07:25:00-04,22,2012-04-09 07:36:00-04,23
186432,Closed,802,2012-04-09 07:25:00-04,38,2012-04-09 07:38:00-04,31
186433,Closed,364,2012-04-09 07:26:00-04,63,2012-04-09 07:32:00-04,22
186434,Closed,391,2012-04-09 07:28:00-04,40,2012-04-09 07:34:00-04,35
186435,Closed,368,2012-04-09 07:28:00-04,25,2012-04-09 07:34:00-04,42
186436,Closed,566,2012-04-09 07:29:00-04,38,2012-04-09 07:39:00-04,64
186437,Closed,1041,2012-04-09 07:30:00-04,45,2012-04-09 07:47:00-04,38
186438,Closed,540,2012-04-09 07:30:00-04,52,2012-04-09 07:39:00-04,35
186439,Closed,572,2012-04-09 07:30:00-04,21,2012-04-09 07:40:00-04,3
186440,Closed,551,2012-04-09 07:31:00-04,21,2012-04-09 07:40:00-04,3
186441,Closed,365,2012-04-09 07:31:00-04,57,2012-04-09 07:37:00-04,27
186442,Closed,915,2012-04-09 07:31:00-04,38,2012-04-09 07:47:00-04,21
186443,Closed,995,2012-04-09 07:33:00-04,53,2012-04-09 07:49:00-04,48
186445,Closed,507,2012-04-09 07:33:00-04,38,2012-04-09 07:41:00-04,50
186446,Closed,279,2012-04-09 07:33:00-04,46,2012-04-09 07:38:00-04,16
186447,Closed,912,2012-04-09 07:33:00-04,36,2012-04-09 07:49:00-04,22
186448,Closed,962,2012-04-09 07:37:00-04,25,2012-04-09 07:53:00-04,11
186449,Closed,406,2012-04-09 07:37:00-04,38,2012-04-09 07:44:00-04,48
186450,Closed,632,2012-04-09 07:38:00-04,8,2012-04-09 07:48:00-04,33
186451,Closed,333,2012-04-09 07:40:00-04,30,2012-04-09 07:45:00-04,11
186454,Closed,198,2012-04-09 07:40:00-04,57,2012-04-09 07:43:00-04,39
186455,Closed,569,2012-04-09 07:40:00-04,38,2012-04-09 07:49:00-04,31
186456,Closed,292,2012-04-09 07:40:00-04,20,2012-04-09 07:45:00-04,23
186457,Closed,1503,2012-04-09 07:40:00-04,17,2012-04-09 08:05:00-04,35
186458,Closed,326,2012-04-09 07:40:00-04,22,2012-04-09 07:46:00-04,23
186459,Closed,573,2012-04-09 07:41:00-04,53,2012-04-09 07:50:00-04,14
186460,Closed,523,2012-04-09 07:41:00-04,26,2012-04-09 07:50:00-04,48
186461,Closed,389,2012-04-09 07:41:00-04,58,2012-04-09 07:48:00-04,52
186462,Closed,167,2012-04-09 07:41:00-04,22,2012-04-09 07:44:00-04,43
186463,Closed,550,2012-04-09 07:41:00-04,38,2012-04-09 07:50:00-04,48
186464,Closed,538,2012-04-09 07:41:00-04,38,2012-04-09 07:50:00-04,22
186465,Closed,244,2012-04-09 07:41:00-04,38,2012-04-09 07:45:00-04,44
186466,Closed,653,2012-04-09 07:42:00-04,38,2012-04-09 07:53:00-04,64
186467,Closed,890,2012-04-09 07:42:00-04,38,2012-04-09 07:57:00-04,42
186468,Closed,947,2012-04-09 07:42:00-04,16,2012-04-09 07:58:00-04,11
186469,Closed,328,2012-04-09 07:43:00-04,45,2012-04-09 07:48:00-04,5
186472,Closed,406,2012-04-09 07:45:00-04,52,2012-04-09 07:52:00-04,49
186473,Closed,289,2012-04-09 07:45:00-04,39,2012-04-09 07:50:00-04,21
186474,Closed,600,2012-04-09 07:45:00-04,44,2012-04-09 07:55:00-04,36
186475,Closed,535,2012-04-09 07:46:00-04,6,2012-04-09 07:55:00-04,49
186476,Closed,305,2012-04-09 07:48:00-04,20,2012-04-09 07:53:00-04,7
186477,Closed,614,2012-04-09 07:48:00-04,21,2012-04-09 07:58:00-04,48
186479,Closed,325,2012-04-09 07:49:00-04,4,2012-04-09 07:54:00-04,59
186480,Closed,736,2012-04-09 07:49:00-04,25,2012-04-09 08:01:00-04,64
186481,Closed,444,2012-04-09 07:50:00-04,36,2012-04-09 07:57:00-04,22
186482,Closed,234,2012-04-09 07:51:00-04,27,2012-04-09 07:55:00-04,30
186483,Closed,769,2012-04-09 07:51:00-04,16,2012-04-09 08:04:00-04,34
186484,Closed,482,2012-04-09 07:51:00-04,47,2012-04-09 07:59:00-04,59
186486,Closed,845,2012-04-09 07:52:00-04,52,2012-04-09 08:06:00-04,10
186488,Closed,458,2012-04-09 07:52:00-04,27,2012-04-09 08:00:00-04,30
186489,Closed,572,2012-04-09 07:53:00-04,38,2012-04-09 08:02:00-04,7
186490,Closed,359,2012-04-09 07:53:00-04,27,2012-04-09 07:59:00-04,30
186491,Closed,490,2012-04-09 07:53:00-04,43,2012-04-09 08:02:00-04,6
186492,Closed,697,2012-04-09 07:54:00-04,39,2012-04-09 08:05:00-04,48
186493,Closed,433,2012-04-09 07:55:00-04,40,2012-04-09 08:02:00-04,24
186494,Closed,379,2012-04-09 07:55:00-04,38,2012-04-09 08:01:00-04,48
186495,Closed,1890,2012-04-09 07:55:00-04,44,2012-04-09 08:26:00-04,14
186496,Closed,683,2012-04-09 07:55:00-04,43,2012-04-09 08:07:00-04,50
186497,Closed,548,2012-04-09 07:56:00-04,38,2012-04-09 08:05:00-04,22
186499,Closed,785,2012-04-09 07:58:00-04,52,2012-04-09 08:11:00-04,35
186500,Closed,951,2012-04-09 07:58:00-04,58,2012-04-09 08:14:00-04,24
186501,Closed,453,2012-04-09 07:58:00-04,47,2012-04-09 08:06:00-04,7
186502,Closed,166,2012-04-09 07:59:00-04,22,2012-04-09 08:02:00-04,43
186504,Closed,349,2012-04-09 08:00:00-04,38,2012-04-09 08:05:00-04,43
186505,Closed,642,2012-04-09 08:00:00-04,63,2012-04-09 08:10:00-04,20
186506,Closed,821,2012-04-09 08:00:00-04,53,2012-04-09 08:13:00-04,38
186507,Closed,126,2012-04-09 08:00:00-04,23,2012-04-09 08:02:00-04,6
186508,Closed,939,2012-04-09 08:01:00-04,38,2012-04-09 08:17:00-04,24
186509,Closed,576,2012-04-09 08:02:00-04,38,2012-04-09 08:12:00-04,22
186510,Closed,335,2012-04-09 08:01:00-04,40,2012-04-09 08:07:00-04,48
186511,Closed,334,2012-04-09 08:02:00-04,25,2012-04-09 08:07:00-04,42
186512,Closed,869,2012-04-09 08:02:00-04,33,2012-04-09 08:16:00-04,41
186513,Closed,901,2012-04-09 08:02:00-04,52,2012-04-09 08:17:00-04,43
186514,Closed,1595,2012-04-09 08:02:00-04,36,2012-04-09 08:29:00-04,16
186517,Closed,246,2012-04-09 08:03:00-04,36,2012-04-09 08:07:00-04,49
186518,Closed,395,2012-04-09 08:04:00-04,22,2012-04-09 08:11:00-04,42
186519,Closed,632,2012-04-09 08:04:00-04,50,2012-04-09 08:15:00-04,44
186520,Closed,466,2012-04-09 08:04:00-04,22,2012-04-09 08:12:00-04,42
186522,Closed,277,2012-04-09 08:05:00-04,58,2012-04-09 08:09:00-04,36
186523,Closed,378,2012-04-09 08:05:00-04,40,2012-04-09 08:11:00-04,24
186524,Closed,467,2012-04-09 08:06:00-04,47,2012-04-09 08:14:00-04,31
186525,Closed,674,2012-04-09 08:06:00-04,3,2012-04-09 08:18:00-04,16
186526,Closed,130,2012-04-09 08:07:00-04,54,2012-04-09 08:09:00-04,49
186528,Closed,604,2012-04-09 08:07:00-04,33,2012-04-09 08:17:00-04,5
186529,Closed,439,2012-04-09 08:08:00-04,38,2012-04-09 08:15:00-04,7
186530,Closed,17,2012-04-09 08:08:00-04,7,2012-04-09 08:08:00-04,7
186531,Closed,181,2012-04-09 08:08:00-04,39,2012-04-09 08:11:00-04,26
186532,Closed,142,2012-04-09 08:08:00-04,39,2012-04-09 08:11:00-04,26
186533,Closed,639,2012-04-09 08:09:00-04,36,2012-04-09 08:19:00-04,23
186534,Closed,387,2012-04-09 08:09:00-04,40,2012-04-09 08:16:00-04,24
186535,Closed,455,2012-04-09 08:10:00-04,25,2012-04-09 08:17:00-04,49
186536,Closed,263,2012-04-09 08:10:00-04,27,2012-04-09 08:15:00-04,30
186537,Closed,732,2012-04-09 08:11:00-04,38,2012-04-09 08:23:00-04,22
186539,Closed,461,2012-04-09 08:12:00-04,39,2012-04-09 08:20:00-04,12
186540,Closed,201,2012-04-09 08:12:00-04,47,2012-04-09 08:16:00-04,43
186541,Closed,340,2012-04-09 08:12:00-04,38,2012-04-09 08:18:00-04,48
186542,Closed,449,2012-04-09 08:13:00-04,36,2012-04-09 08:21:00-04,22
186543,Closed,693,2012-04-09 08:14:00-04,36,2012-04-09 08:26:00-04,3
186544,Closed,363,2012-04-09 08:15:00-04,3,2012-04-09 08:21:00-04,27
186545,Closed,195,2012-04-09 08:15:00-04,24,2012-04-09 08:18:00-04,43
186546,Closed,255,2012-04-09 08:16:00-04,25,2012-04-09 08:20:00-04,26
186547,Closed,226,2012-04-09 08:16:00-04,52,2012-04-09 08:20:00-04,36
186548,Closed,426,2012-04-09 08:17:00-04,39,2012-04-09 08:24:00-04,59
186549,Closed,418,2012-04-09 08:17:00-04,47,2012-04-09 08:24:00-04,22
186550,Closed,69,2012-04-09 08:17:00-04,38,2012-04-09 08:18:00-04,38
186551,Closed,500,2012-04-09 08:17:00-04,21,2012-04-09 08:26:00-04,34
186552,Closed,612,2012-04-09 08:17:00-04,38,2012-04-09 08:28:00-04,22
186553,Closed,653,2012-04-09 08:18:00-04,39,2012-04-09 08:29:00-04,59
186554,Closed,358,2012-04-09 08:18:00-04,22,2012-04-09 08:24:00-04,48
186555,Closed,862,2012-04-09 08:18:00-04,25,2012-04-09 08:32:00-04,43
186556,Closed,559,2012-04-09 08:19:00-04,23,2012-04-09 08:28:00-04,20
186557,Closed,414,2012-04-09 08:18:00-04,38,2012-04-09 08:25:00-04,48
186558,Closed,507,2012-04-09 08:18:00-04,12,2012-04-09 08:27:00-04,26
186560,Closed,334,2012-04-09 08:19:00-04,24,2012-04-09 08:25:00-04,48
186561,Closed,1214,2012-04-09 08:19:00-04,41,2012-04-09 08:39:00-04,35
186563,Closed,598,2012-04-09 08:20:00-04,50,2012-04-09 08:30:00-04,43
186564,Closed,781,2012-04-09 08:21:00-04,32,2012-04-09 08:34:00-04,12
186565,Closed,967,2012-04-09 08:21:00-04,32,2012-04-09 08:37:00-04,36
186566,Closed,153,2012-04-09 08:21:00-04,48,2012-04-09 08:23:00-04,22
186567,Closed,524,2012-04-09 08:21:00-04,43,2012-04-09 08:30:00-04,49
186568,Closed,243,2012-04-09 08:23:00-04,21,2012-04-09 08:27:00-04,16
186569,Closed,626,2012-04-09 08:22:00-04,38,2012-04-09 08:33:00-04,59
186570,Closed,960,2012-04-09 08:23:00-04,39,2012-04-09 08:39:00-04,14
186571,Closed,169,2012-04-09 08:23:00-04,33,2012-04-09 08:26:00-04,45
186572,Closed,284,2012-04-09 08:24:00-04,46,2012-04-09 08:28:00-04,16
186573,Closed,916,2012-04-09 08:24:00-04,39,2012-04-09 08:39:00-04,31
186574,Closed,582,2012-04-09 08:24:00-04,12,2012-04-09 08:34:00-04,62
186575,Closed,578,2012-04-09 08:24:00-04,43,2012-04-09 08:34:00-04,42
186576,Closed,771,2012-04-09 08:25:00-04,38,2012-04-09 08:38:00-04,22
186577,Closed,325,2012-04-09 08:25:00-04,42,2012-04-09 08:30:00-04,35
186578,Closed,380,2012-04-09 08:25:00-04,20,2012-04-09 08:32:00-04,24
186579,Closed,157,2012-04-09 08:26:00-04,22,2012-04-09 08:29:00-04,48
186580,Closed,850,2012-04-09 08:27:00-04,54,2012-04-09 08:41:00-04,39
186581,Closed,627,2012-04-09 08:27:00-04,65,2012-04-09 08:38:00-04,22
186582,Closed,140,2012-04-09 08:27:00-04,51,2012-04-09 08:29:00-04,13
186583,Closed,421,2012-04-09 08:28:00-04,12,2012-04-09 08:35:00-04,30
186584,Closed,1278,2012-04-09 08:28:00-04,43,2012-04-09 08:49:00-04,51
186585,Closed,946,2012-04-09 08:28:00-04,38,2012-04-09 08:44:00-04,42
186586,Closed,648,2012-04-09 08:29:00-04,38,2012-04-09 08:39:00-04,42
186587,Closed,575,2012-04-09 08:29:00-04,47,2012-04-09 08:39:00-04,22
186588,Closed,585,2012-04-09 08:30:00-04,38,2012-04-09 08:39:00-04,24
186589,Closed,549,2012-04-09 08:30:00-04,9,2012-04-09 08:39:00-04,33
186590,Closed,983,2012-04-09 08:30:00-04,20,2012-04-09 08:47:00-04,36
186591,Closed,1240,2012-04-09 08:30:00-04,27,2012-04-09 08:51:00-04,22
186592,Closed,157,2012-04-09 08:31:00-04,55,2012-04-09 08:33:00-04,21
186594,Closed,332,2012-04-09 08:31:00-04,38,2012-04-09 08:37:00-04,40
186595,Closed,368,2012-04-09 08:31:00-04,54,2012-04-09 08:37:00-04,49
186596,Closed,487,2012-04-09 08:32:00-04,47,2012-04-09 08:40:00-04,65
186597,Closed,242,2012-04-09 08:33:00-04,16,2012-04-09 08:37:00-04,39
186598,Closed,772,2012-04-09 08:33:00-04,52,2012-04-09 08:46:00-04,48
186599,Closed,697,2012-04-09 08:33:00-04,47,2012-04-09 08:45:00-04,22
186601,Closed,261,2012-04-09 08:34:00-04,16,2012-04-09 08:39:00-04,21
186602,Closed,1190,2012-04-09 08:35:00-04,38,2012-04-09 08:54:00-04,24
186603,Closed,1179,2012-04-09 08:36:00-04,23,2012-04-09 08:55:00-04,39
186604,Closed,476,2012-04-09 08:35:00-04,43,2012-04-09 08:43:00-04,42
186605,Closed,552,2012-04-09 08:39:00-04,39,2012-04-09 08:48:00-04,42
186606,Closed,302,2012-04-09 08:39:00-04,23,2012-04-09 08:44:00-04,42
186607,Closed,205,2012-04-09 08:40:00-04,38,2012-04-09 08:44:00-04,44
186608,Closed,412,2012-04-09 08:40:00-04,20,2012-04-09 08:47:00-04,24
186609,Closed,247,2012-04-09 08:41:00-04,8,2012-04-09 08:45:00-04,37
186610,Closed,1587,2012-04-09 08:42:00-04,38,2012-04-09 09:08:00-04,3
186611,Closed,636,2012-04-09 08:42:00-04,38,2012-04-09 08:52:00-04,22
186612,Closed,530,2012-04-09 08:42:00-04,40,2012-04-09 08:51:00-04,59
186613,Closed,289,2012-04-09 08:42:00-04,39,2012-04-09 08:47:00-04,21
186614,Closed,471,2012-04-09 08:43:00-04,22,2012-04-09 08:51:00-04,47
186615,Closed,959,2012-04-09 08:43:00-04,49,2012-04-09 08:59:00-04,45
186616,Closed,163,2012-04-09 08:44:00-04,16,2012-04-09 08:47:00-04,36
186617,Closed,455,2012-04-09 08:45:00-04,44,2012-04-09 08:52:00-04,24
186618,Closed,968,2012-04-09 08:46:00-04,20,2012-04-09 09:02:00-04,24
186619,Closed,525,2012-04-09 08:46:00-04,49,2012-04-09 08:55:00-04,58
186620,Closed,516,2012-04-09 08:47:00-04,35,2012-04-09 08:55:00-04,23
186621,Closed,344,2012-04-09 08:46:00-04,20,2012-04-09 08:52:00-04,23
186622,Closed,342,2012-04-09 08:46:00-04,36,2012-04-09 08:52:00-04,54
186623,Closed,220,2012-04-09 08:47:00-04,40,2012-04-09 08:50:00-04,43
186624,Closed,490,2012-04-09 08:47:00-04,38,2012-04-09 08:55:00-04,43
186625,Closed,657,2012-04-09 08:47:00-04,41,2012-04-09 08:58:00-04,55
186626,Closed,589,2012-04-09 08:48:00-04,20,2012-04-09 08:57:00-04,24
186627,Closed,581,2012-04-09 08:48:00-04,32,2012-04-09 08:58:00-04,9
186628,Closed,221,2012-04-09 08:48:00-04,49,2012-04-09 08:52:00-04,35
186629,Closed,519,2012-04-09 08:48:00-04,58,2012-04-09 08:57:00-04,26
186630,Closed,392,2012-04-09 08:49:00-04,42,2012-04-09 08:56:00-04,25
186631,Closed,892,2012-04-09 08:49:00-04,57,2012-04-09 09:04:00-04,43
186632,Closed,854,2012-04-09 08:49:00-04,16,2012-04-09 09:04:00-04,14
186633,Closed,278,2012-04-09 08:51:00-04,22,2012-04-09 08:55:00-04,24
186634,Closed,349,2012-04-09 08:51:00-04,40,2012-04-09 08:57:00-04,23
186635,Closed,752,2012-04-09 08:51:00-04,36,2012-04-09 09:04:00-04,7
186636,Closed,823,2012-04-09 08:52:00-04,47,2012-04-09 09:05:00-04,6
186637,Closed,584,2012-04-09 08:52:00-04,21,2012-04-09 09:01:00-04,14
186638,Closed,170,2012-04-09 08:52:00-04,20,2012-04-09 08:55:00-04,48
186639,Closed,288,2012-04-09 08:52:00-04,49,2012-04-09 08:57:00-04,22
186640,Closed,267,2012-04-09 08:53:00-04,6,2012-04-09 08:57:00-04,35
186641,Closed,214,2012-04-09 08:53:00-04,47,2012-04-09 08:56:00-04,43
186642,Closed,857,2012-04-09 08:53:00-04,41,2012-04-09 09:08:00-04,55
186643,Closed,466,2012-04-09 08:54:00-04,13,2012-04-09 09:02:00-04,21
186644,Closed,359,2012-04-09 08:55:00-04,50,2012-04-09 09:01:00-04,35
186645,Closed,103,2012-04-09 08:57:00-04,55,2012-04-09 08:59:00-04,46
186646,Closed,556,2012-04-09 08:57:00-04,6,2012-04-09 09:06:00-04,20
186647,Closed,522,2012-04-09 08:58:00-04,22,2012-04-09 09:06:00-04,42
186648,Closed,651,2012-04-09 08:58:00-04,36,2012-04-09 09:08:00-04,24
186649,Closed,527,2012-04-09 08:58:00-04,38,2012-04-09 09:07:00-04,35
186650,Closed,766,2012-04-09 08:58:00-04,45,2012-04-09 09:11:00-04,12
186651,Closed,750,2012-04-09 08:58:00-04,38,2012-04-09 09:11:00-04,42
186652,Closed,607,2012-04-09 08:58:00-04,38,2012-04-09 09:08:00-04,22
186653,Closed,422,2012-04-09 08:58:00-04,58,2012-04-09 09:06:00-04,35
186654,Closed,747,2012-04-09 08:59:00-04,26,2012-04-09 09:11:00-04,43
186655,Closed,720,2012-04-09 08:59:00-04,21,2012-04-09 09:11:00-04,9
186656,Closed,459,2012-04-09 08:59:00-04,22,2012-04-09 09:07:00-04,47
186657,Closed,522,2012-04-09 09:00:00-04,22,2012-04-09 09:08:00-04,40
186658,Closed,145,2012-04-09 09:00:00-04,35,2012-04-09 09:02:00-04,48
186659,Closed,384,2012-04-09 09:00:00-04,45,2012-04-09 09:06:00-04,14
186660,Closed,643,2012-04-09 09:00:00-04,38,2012-04-09 09:11:00-04,59
186661,Closed,952,2012-04-09 09:00:00-04,13,2012-04-09 09:16:00-04,32
186662,Closed,198,2012-04-09 09:01:00-04,36,2012-04-09 09:04:00-04,42
186663,Closed,968,2012-04-09 09:01:00-04,26,2012-04-09 09:17:00-04,22
186664,Closed,428,2012-04-09 09:03:00-04,40,2012-04-09 09:10:00-04,35
186665,Closed,307,2012-04-09 09:04:00-04,43,2012-04-09 09:09:00-04,47
186666,Closed,110,2012-04-09 09:04:00-04,36,2012-04-09 09:06:00-04,50
186667,Closed,542,2012-04-09 09:05:00-04,27,2012-04-09 09:14:00-04,14
186668,Closed,498,2012-04-09 09:06:00-04,38,2012-04-09 09:14:00-04,43
186669,Closed,55,2012-04-09 09:06:00-04,38,2012-04-09 09:07:00-04,38
186671,Closed,540,2012-04-09 09:07:00-04,38,2012-04-09 09:16:00-04,49
186672,Closed,1358,2012-04-09 09:07:00-04,38,2012-04-09 09:30:00-04,34
186673,Closed,2389,2012-04-09 09:07:00-04,23,2012-04-09 09:47:00-04,65
186674,Closed,653,2012-04-09 09:08:00-04,38,2012-04-09 09:19:00-04,24
186675,Closed,451,2012-04-09 09:08:00-04,35,2012-04-09 09:15:00-04,20
186676,Closed,939,2012-04-09 09:10:00-04,52,2012-04-09 09:25:00-04,20
186677,Closed,697,2012-04-09 09:11:00-04,45,2012-04-09 09:22:00-04,54
186678,Closed,250,2012-04-09 09:11:00-04,44,2012-04-09 09:15:00-04,35
186679,Closed,343,2012-04-09 09:11:00-04,33,2012-04-09 09:16:00-04,5
186681,Closed,897,2012-04-09 09:11:00-04,17,2012-04-09 09:26:00-04,32
186682,Closed,340,2012-04-09 09:11:00-04,22,2012-04-09 09:17:00-04,23
186684,Closed,481,2012-04-09 09:12:00-04,8,2012-04-09 09:20:00-04,10
186686,Closed,731,2012-04-09 09:12:00-04,52,2012-04-09 09:24:00-04,13
186687,Closed,450,2012-04-09 09:12:00-04,40,2012-04-09 09:20:00-04,24
186688,Closed,1335,2012-04-09 09:12:00-04,22,2012-04-09 09:35:00-04,3
186689,Closed,564,2012-04-09 09:13:00-04,38,2012-04-09 09:22:00-04,7
186690,Closed,356,2012-04-09 09:13:00-04,40,2012-04-09 09:19:00-04,43
186691,Closed,367,2012-04-09 09:14:00-04,22,2012-04-09 09:21:00-04,47
186692,Closed,1271,2012-04-09 09:16:00-04,9,2012-04-09 09:37:00-04,9
186693,Closed,824,2012-04-09 09:17:00-04,38,2012-04-09 09:31:00-04,42
186694,Closed,892,2012-04-09 09:18:00-04,54,2012-04-09 09:33:00-04,39
186695,Closed,344,2012-04-09 09:20:00-04,49,2012-04-09 09:26:00-04,35
186696,Closed,4798,2012-04-09 09:25:00-04,38,2012-04-09 10:45:00-04,65
186697,Closed,1284,2012-04-09 09:22:00-04,40,2012-04-09 09:44:00-04,34
186698,Closed,413,2012-04-09 09:23:00-04,22,2012-04-09 09:30:00-04,44
186699,Closed,764,2012-04-09 09:25:00-04,36,2012-04-09 09:38:00-04,10
186700,Closed,231,2012-04-09 09:26:00-04,9,2012-04-09 09:30:00-04,10
186701,Closed,1290,2012-04-09 09:28:00-04,55,2012-04-09 09:49:00-04,58
186702,Closed,1279,2012-04-09 09:28:00-04,55,2012-04-09 09:49:00-04,58
186703,Closed,1778,2012-04-09 09:29:00-04,25,2012-04-09 09:58:00-04,21
186704,Closed,645,2012-04-09 09:30:00-04,39,2012-04-09 09:40:00-04,35
186705,Closed,959,2012-04-09 09:31:00-04,33,2012-04-09 09:47:00-04,38
186706,Closed,667,2012-04-09 09:31:00-04,46,2012-04-09 09:42:00-04,14
186707,Closed,97,2012-04-09 09:34:00-04,35,2012-04-09 09:36:00-04,22
186708,Closed,466,2012-04-09 09:35:00-04,8,2012-04-09 09:43:00-04,29
186709,Closed,316,2012-04-09 09:37:00-04,7,2012-04-09 09:42:00-04,20
186710,Closed,248,2012-04-09 09:38:00-04,58,2012-04-09 09:42:00-04,50
186711,Closed,450,2012-04-09 09:38:00-04,48,2012-04-09 09:46:00-04,22
186712,Closed,453,2012-04-09 09:40:00-04,55,2012-04-09 09:47:00-04,14
186713,Closed,375,2012-04-09 09:41:00-04,12,2012-04-09 09:47:00-04,16
186714,Closed,693,2012-04-09 09:42:00-04,23,2012-04-09 09:53:00-04,21
186715,Closed,354,2012-04-09 09:46:00-04,40,2012-04-09 09:52:00-04,22
186716,Closed,754,2012-04-09 09:49:00-04,41,2012-04-09 10:01:00-04,55
186717,Closed,625,2012-04-09 09:50:00-04,35,2012-04-09 10:01:00-04,36
186718,Closed,284,2012-04-09 09:52:00-04,16,2012-04-09 09:57:00-04,39
186719,Closed,3315,2012-04-09 09:54:00-04,42,2012-04-09 10:49:00-04,32
186720,Closed,1306,2012-04-09 09:54:00-04,42,2012-04-09 10:16:00-04,32
186722,Closed,1356,2012-04-09 09:56:00-04,58,2012-04-09 10:19:00-04,42
186723,Closed,588,2012-04-09 09:54:00-04,26,2012-04-09 10:04:00-04,48
186724,Closed,402,2012-04-09 09:55:00-04,7,2012-04-09 10:02:00-04,48
186725,Closed,622,2012-04-09 09:57:00-04,23,2012-04-09 10:08:00-04,4
186726,Closed,220,2012-04-09 09:59:00-04,36,2012-04-09 10:02:00-04,52
186727,Closed,484,2012-04-09 10:01:00-04,6,2012-04-09 10:09:00-04,42
186728,Closed,131,2012-04-09 10:02:00-04,35,2012-04-09 10:04:00-04,48
186729,Closed,818,2012-04-09 10:03:00-04,26,2012-04-09 10:16:00-04,33
186730,Closed,280,2012-04-09 10:04:00-04,46,2012-04-09 10:09:00-04,36
186731,Closed,770,2012-04-09 10:05:00-04,38,2012-04-09 10:18:00-04,48
186732,Closed,501,2012-04-09 10:05:00-04,36,2012-04-09 10:14:00-04,22
186733,Closed,364,2012-04-09 10:06:00-04,26,2012-04-09 10:12:00-04,16
186734,Closed,1060,2012-04-09 10:06:00-04,36,2012-04-09 10:24:00-04,33
186736,Closed,350,2012-04-09 10:13:00-04,47,2012-04-09 10:19:00-04,23
186737,Closed,1266,2012-04-09 10:14:00-04,39,2012-04-09 10:35:00-04,14
186738,Closed,143,2012-04-09 10:14:00-04,22,2012-04-09 10:16:00-04,35
186739,Closed,573,2012-04-09 10:18:00-04,39,2012-04-09 10:28:00-04,36
186740,Closed,3347,2012-04-09 10:18:00-04,55,2012-04-09 11:14:00-04,36
186741,Closed,536,2012-04-09 10:18:00-04,55,2012-04-09 10:27:00-04,36
186742,Closed,1816,2012-04-09 10:19:00-04,55,2012-04-09 10:49:00-04,55
186743,Closed,426,2012-04-09 10:19:00-04,49,2012-04-09 10:26:00-04,43
186744,Closed,1773,2012-04-09 10:19:00-04,55,2012-04-09 10:49:00-04,55
186745,Closed,338,2012-04-09 10:19:00-04,64,2012-04-09 10:25:00-04,44
186747,Closed,1054,2012-04-09 10:20:00-04,58,2012-04-09 10:38:00-04,33
186749,Closed,350,2012-04-09 10:22:00-04,16,2012-04-09 10:28:00-04,46
186750,Closed,1595,2012-04-09 10:23:00-04,38,2012-04-09 10:50:00-04,14
186751,Closed,550,2012-04-09 10:30:00-04,9,2012-04-09 10:39:00-04,33
186752,Closed,9336,2012-04-09 10:32:00-04,29,2012-04-09 13:07:00-04,58
186753,Closed,360,2012-04-09 10:31:00-04,50,2012-04-09 10:37:00-04,52
186754,Closed,9282,2012-04-09 10:32:00-04,29,2012-04-09 13:07:00-04,58
186755,Closed,646,2012-04-09 10:31:00-04,33,2012-04-09 10:42:00-04,39
186756,Closed,634,2012-04-09 10:33:00-04,40,2012-04-09 10:43:00-04,58
186757,Closed,323,2012-04-09 10:34:00-04,49,2012-04-09 10:39:00-04,26
186758,Closed,144,2012-04-09 10:37:00-04,48,2012-04-09 10:39:00-04,23
186759,Closed,528,2012-04-09 10:37:00-04,11,2012-04-09 10:46:00-04,45
186761,Closed,1494,2012-04-09 10:41:00-04,46,2012-04-09 11:06:00-04,38
186762,Closed,467,2012-04-09 10:43:00-04,35,2012-04-09 10:50:00-04,40
186763,Closed,297,2012-04-09 10:44:00-04,54,2012-04-09 10:48:00-04,50
186764,Closed,349,2012-04-09 10:44:00-04,58,2012-04-09 10:50:00-04,4
186765,Closed,1806,2012-04-09 10:49:00-04,65,2012-04-09 11:19:00-04,50
186766,Closed,625,2012-04-09 10:49:00-04,32,2012-04-09 10:59:00-04,12
186767,Closed,402,2012-04-09 10:49:00-04,10,2012-04-09 10:56:00-04,55
186768,Closed,268,2012-04-09 10:49:00-04,32,2012-04-09 10:54:00-04,55
186769,Closed,108,2012-04-09 10:50:00-04,46,2012-04-09 10:52:00-04,21
186772,Closed,390,2012-04-09 10:51:00-04,52,2012-04-09 10:58:00-04,50
186773,Closed,317,2012-04-09 10:54:00-04,20,2012-04-09 11:00:00-04,7
186774,Closed,415,2012-04-09 10:54:00-04,6,2012-04-09 11:01:00-04,40
186775,Closed,229,2012-04-09 10:58:00-04,41,2012-04-09 11:02:00-04,9
186776,Closed,299,2012-04-09 10:58:00-04,24,2012-04-09 11:03:00-04,48
186777,Closed,561,2012-04-09 10:59:00-04,39,2012-04-09 11:08:00-04,36
186778,Closed,723,2012-04-09 10:59:00-04,8,2012-04-09 11:12:00-04,55
186781,Closed,178,2012-04-09 11:06:00-04,9,2012-04-09 11:09:00-04,41
186782,Closed,3336,2012-04-09 11:09:00-04,33,2012-04-09 12:05:00-04,33
186783,Closed,3338,2012-04-09 11:09:00-04,33,2012-04-09 12:05:00-04,33
186787,Closed,407,2012-04-09 11:14:00-04,4,2012-04-09 11:20:00-04,36
186788,Closed,241,2012-04-09 11:14:00-04,14,2012-04-09 11:18:00-04,32
186789,Closed,504,2012-04-09 11:15:00-04,4,2012-04-09 11:23:00-04,12
186790,Closed,280,2012-04-09 11:18:00-04,31,2012-04-09 11:23:00-04,64
186791,Closed,690,2012-04-09 11:18:00-04,13,2012-04-09 11:29:00-04,23
186792,Closed,248,2012-04-09 11:20:00-04,41,2012-04-09 11:24:00-04,9
186794,Closed,773,2012-04-09 11:23:00-04,26,2012-04-09 11:36:00-04,38
186795,Closed,336,2012-04-09 11:29:00-04,34,2012-04-09 11:34:00-04,53
186796,Closed,1433,2012-04-09 11:30:00-04,36,2012-04-09 11:54:00-04,58
186797,Closed,1487,2012-04-09 11:30:00-04,36,2012-04-09 11:55:00-04,58
186798,Closed,90,2012-04-09 11:31:00-04,21,2012-04-09 11:32:00-04,46
186799,Closed,216,2012-04-09 11:32:00-04,64,2012-04-09 11:35:00-04,31
186800,Closed,1148,2012-04-09 11:33:00-04,32,2012-04-09 11:52:00-04,36
186801,Closed,1171,2012-04-09 11:33:00-04,32,2012-04-09 11:53:00-04,36
186802,Closed,1481,2012-04-09 11:34:00-04,42,2012-04-09 11:58:00-04,47
186803,Closed,1460,2012-04-09 11:34:00-04,42,2012-04-09 11:58:00-04,47
186804,Closed,183,2012-04-09 11:34:00-04,32,2012-04-09 11:37:00-04,11
186805,Closed,6820,2012-04-09 11:35:00-04,6,2012-04-09 13:29:00-04,15
186806,Closed,6813,2012-04-09 11:35:00-04,6,2012-04-09 13:29:00-04,15
186807,Closed,435,2012-04-09 11:40:00-04,50,2012-04-09 11:48:00-04,53
186809,Closed,1810,2012-04-09 11:44:00-04,41,2012-04-09 12:14:00-04,44
186810,Closed,6067,2012-04-09 11:46:00-04,29,2012-04-09 13:27:00-04,29
186811,Closed,341,2012-04-09 11:45:00-04,55,2012-04-09 11:50:00-04,50
186812,Closed,276,2012-04-09 11:45:00-04,6,2012-04-09 11:50:00-04,48
186815,Closed,210,2012-04-09 11:49:00-04,64,2012-04-09 11:52:00-04,31
186816,Closed,356,2012-04-09 11:49:00-04,36,2012-04-09 11:55:00-04,25
186817,Closed,217,2012-04-09 11:50:00-04,48,2012-04-09 11:54:00-04,22
186820,Closed,1409,2012-04-09 11:52:00-04,11,2012-04-09 12:15:00-04,44
186821,Closed,382,2012-04-09 11:52:00-04,8,2012-04-09 11:58:00-04,41
186822,Closed,370,2012-04-09 11:53:00-04,22,2012-04-09 12:00:00-04,40
186823,Closed,157,2012-04-09 11:54:00-04,51,2012-04-09 11:57:00-04,13
186824,Closed,210,2012-04-09 11:55:00-04,7,2012-04-09 11:59:00-04,43
186825,Closed,148,2012-04-09 11:55:00-04,64,2012-04-09 11:58:00-04,24
186826,Closed,260,2012-04-09 11:56:00-04,11,2012-04-09 12:00:00-04,45
186827,Closed,658,2012-04-09 11:56:00-04,41,2012-04-09 12:07:00-04,55
186828,Closed,1238,2012-04-09 12:00:00-04,42,2012-04-09 12:20:00-04,43
186829,Closed,1253,2012-04-09 11:59:00-04,42,2012-04-09 12:20:00-04,43
186830,Closed,265,2012-04-09 12:00:00-04,4,2012-04-09 12:04:00-04,54
186831,Closed,263,2012-04-09 12:00:00-04,53,2012-04-09 12:04:00-04,46
186832,Closed,439,2012-04-09 12:01:00-04,48,2012-04-09 12:08:00-04,42
186833,Closed,442,2012-04-09 12:01:00-04,22,2012-04-09 12:09:00-04,40
186834,Closed,567,2012-04-09 12:04:00-04,36,2012-04-09 12:14:00-04,48
186835,Closed,304,2012-04-09 12:04:00-04,10,2012-04-09 12:09:00-04,9
186837,Closed,523,2012-04-09 12:05:00-04,36,2012-04-09 12:14:00-04,48
186838,Closed,198,2012-04-09 12:05:00-04,43,2012-04-09 12:09:00-04,22
186839,Closed,5326,2012-04-09 12:08:00-04,53,2012-04-09 13:36:00-04,32
186840,Closed,887,2012-04-09 12:07:00-04,41,2012-04-09 12:22:00-04,49
186841,Closed,250,2012-04-09 12:08:00-04,5,2012-04-09 12:12:00-04,45
186842,Closed,18432,2012-04-09 12:10:00-04,36,2012-04-09 17:17:00-04,49
186843,Closed,410,2012-04-09 12:09:00-04,5,2012-04-09 12:16:00-04,25
186845,Closed,1303,2012-04-09 12:11:00-04,14,2012-04-09 12:33:00-04,11
186846,Closed,648,2012-04-09 12:12:00-04,8,2012-04-09 12:22:00-04,10
186847,Closed,492,2012-04-09 12:12:00-04,22,2012-04-09 12:20:00-04,47
186848,Closed,144,2012-04-09 12:13:00-04,47,2012-04-09 12:15:00-04,44
186849,Closed,184,2012-04-09 12:13:00-04,47,2012-04-09 12:16:00-04,44
186850,Closed,608,2012-04-09 12:14:00-04,13,2012-04-09 12:24:00-04,52
186851,Closed,1409,2012-04-09 12:14:00-04,48,2012-04-09 12:38:00-04,54
186852,Closed,303,2012-04-09 12:14:00-04,40,2012-04-09 12:19:00-04,44
186854,Closed,292,2012-04-09 12:14:00-04,35,2012-04-09 12:19:00-04,58
186856,Closed,263,2012-04-09 12:16:00-04,48,2012-04-09 12:20:00-04,59
186857,Closed,627,2012-04-09 12:16:00-04,50,2012-04-09 12:27:00-04,50
186858,Closed,753,2012-04-09 12:16:00-04,29,2012-04-09 12:29:00-04,29
186859,Closed,332,2012-04-09 12:17:00-04,38,2012-04-09 12:23:00-04,48
186860,Closed,815,2012-04-09 12:18:00-04,64,2012-04-09 12:31:00-04,50
186861,Closed,438,2012-04-09 12:18:00-04,3,2012-04-09 12:25:00-04,10
186862,Closed,193,2012-04-09 12:18:00-04,35,2012-04-09 12:21:00-04,48
186863,Closed,348,2012-04-09 12:18:00-04,30,2012-04-09 12:24:00-04,32
186864,Closed,570,2012-04-09 12:20:00-04,9,2012-04-09 12:29:00-04,32
186865,Closed,191,2012-04-09 12:20:00-04,32,2012-04-09 12:23:00-04,14
186866,Closed,827,2012-04-09 12:25:00-04,13,2012-04-09 12:38:00-04,59
186867,Closed,312,2012-04-09 12:23:00-04,49,2012-04-09 12:28:00-04,50
186869,Closed,218,2012-04-09 12:26:00-04,44,2012-04-09 12:29:00-04,40
186870,Closed,258,2012-04-09 12:26:00-04,26,2012-04-09 12:30:00-04,49
186871,Closed,188,2012-04-09 12:26:00-04,14,2012-04-09 12:29:00-04,30
186872,Closed,353,2012-04-09 12:26:00-04,34,2012-04-09 12:32:00-04,14
186873,Closed,670,2012-04-09 12:27:00-04,38,2012-04-09 12:38:00-04,36
186874,Closed,337,2012-04-09 12:29:00-04,59,2012-04-09 12:35:00-04,48
186875,Closed,223,2012-04-09 12:34:00-04,30,2012-04-09 12:37:00-04,14
186876,Closed,1149,2012-04-09 12:35:00-04,44,2012-04-09 12:54:00-04,42
186877,Closed,1093,2012-04-09 12:35:00-04,44,2012-04-09 12:53:00-04,42
186878,Closed,231,2012-04-09 12:35:00-04,23,2012-04-09 12:39:00-04,47
186879,Closed,1508,2012-04-09 12:37:00-04,42,2012-04-09 13:03:00-04,58
186881,Closed,397,2012-04-09 12:38:00-04,32,2012-04-09 12:44:00-04,30
186882,Closed,3022,2012-04-09 12:38:00-04,48,2012-04-09 13:28:00-04,48
186883,Closed,656,2012-04-09 12:39:00-04,36,2012-04-09 12:50:00-04,13
186884,Closed,133,2012-04-09 12:40:00-04,21,2012-04-09 12:43:00-04,46
186886,Closed,149,2012-04-09 12:48:00-04,23,2012-04-09 12:50:00-04,48
186887,Closed,518,2012-04-09 12:48:00-04,22,2012-04-09 12:57:00-04,40
186888,Closed,676,2012-04-09 12:52:00-04,64,2012-04-09 13:03:00-04,36
186889,Closed,468,2012-04-09 12:53:00-04,47,2012-04-09 13:01:00-04,22
186891,Closed,280,2012-04-09 12:54:00-04,55,2012-04-09 12:58:00-04,5
186892,Closed,170,2012-04-09 12:55:00-04,43,2012-04-09 12:58:00-04,40
186893,Closed,451,2012-04-09 12:55:00-04,49,2012-04-09 13:02:00-04,52
186894,Closed,657,2012-04-09 12:56:00-04,6,2012-04-09 13:07:00-04,22
186895,Closed,752,2012-04-09 12:55:00-04,55,2012-04-09 13:08:00-04,41
186896,Closed,104,2012-04-09 12:58:00-04,46,2012-04-09 13:00:00-04,21
186897,Closed,234,2012-04-09 13:02:00-04,38,2012-04-09 13:06:00-04,6
186898,Closed,849,2012-04-09 13:02:00-04,50,2012-04-09 13:16:00-04,7
186899,Closed,596,2012-04-09 13:02:00-04,47,2012-04-09 13:12:00-04,22
186900,Closed,1658,2012-04-09 13:02:00-04,22,2012-04-09 13:30:00-04,52
186901,Closed,319,2012-04-09 13:03:00-04,16,2012-04-09 13:08:00-04,57
186902,Closed,357,2012-04-09 13:03:00-04,58,2012-04-09 13:09:00-04,16
186903,Closed,903,2012-04-09 13:04:00-04,36,2012-04-09 13:19:00-04,9
186904,Closed,417,2012-04-09 13:05:00-04,40,2012-04-09 13:12:00-04,22
186905,Closed,654,2012-04-09 13:05:00-04,58,2012-04-09 13:16:00-04,33
186906,Closed,272,2012-04-09 13:07:00-04,23,2012-04-09 13:12:00-04,35
186907,Closed,337,2012-04-09 13:08:00-04,46,2012-04-09 13:14:00-04,36
186908,Closed,119,2012-04-09 13:09:00-04,46,2012-04-09 13:11:00-04,55
186909,Closed,439,2012-04-09 13:10:00-04,10,2012-04-09 13:17:00-04,3
186910,Closed,986,2012-04-09 13:11:00-04,59,2012-04-09 13:27:00-04,13
186911,Closed,560,2012-04-09 13:12:00-04,63,2012-04-09 13:21:00-04,16
186912,Closed,910,2012-04-09 13:14:00-04,58,2012-04-09 13:29:00-04,58
186914,Closed,642,2012-04-09 13:15:00-04,36,2012-04-09 13:26:00-04,6
186915,Closed,258,2012-04-09 13:16:00-04,6,2012-04-09 13:20:00-04,38
186916,Closed,1104,2012-04-09 13:18:00-04,33,2012-04-09 13:36:00-04,38
186917,Closed,307,2012-04-09 13:20:00-04,25,2012-04-09 13:25:00-04,36
186918,Closed,591,2012-04-09 13:21:00-04,9,2012-04-09 13:30:00-04,32
186919,Closed,547,2012-04-09 13:21:00-04,10,2012-04-09 13:30:00-04,41
186920,Closed,293,2012-04-09 13:23:00-04,17,2012-04-09 13:28:00-04,18
186921,Closed,247,2012-04-09 13:24:00-04,55,2012-04-09 13:29:00-04,33
186922,Closed,222,2012-04-09 13:24:00-04,9,2012-04-09 13:28:00-04,10
186923,Closed,185,2012-04-09 13:28:00-04,55,2012-04-09 13:31:00-04,5
186924,Closed,4,2012-04-09 13:30:00-04,32,2012-04-09 13:30:00-04,32
186925,Closed,201,2012-04-09 13:30:00-04,40,2012-04-09 13:33:00-04,44
186926,Closed,2101,2012-04-09 13:32:00-04,58,2012-04-09 14:07:00-04,6
186927,Closed,2070,2012-04-09 13:32:00-04,58,2012-04-09 14:07:00-04,6
186928,Closed,181,2012-04-09 13:32:00-04,48,2012-04-09 13:35:00-04,20
186929,Closed,218,2012-04-09 13:33:00-04,40,2012-04-09 13:37:00-04,43
186930,Closed,930,2012-04-09 13:34:00-04,27,2012-04-09 13:50:00-04,10
186931,Closed,500,2012-04-09 13:35:00-04,41,2012-04-09 13:43:00-04,10
186932,Closed,1494,2012-04-09 13:35:00-04,7,2012-04-09 14:00:00-04,7
186934,Closed,331,2012-04-09 13:36:00-04,55,2012-04-09 13:41:00-04,32
186936,Closed,462,2012-04-09 13:38:00-04,40,2012-04-09 13:46:00-04,48
186938,Closed,1400,2012-04-09 13:38:00-04,55,2012-04-09 14:02:00-04,45
186939,Closed,304,2012-04-09 13:39:00-04,6,2012-04-09 13:44:00-04,44
186940,Closed,535,2012-04-09 13:39:00-04,40,2012-04-09 13:48:00-04,59
186941,Closed,785,2012-04-09 13:40:00-04,10,2012-04-09 13:53:00-04,36
186942,Closed,293,2012-04-09 13:42:00-04,36,2012-04-09 13:47:00-04,46
186943,Closed,811,2012-04-09 13:44:00-04,48,2012-04-09 13:58:00-04,58
186944,Closed,775,2012-04-09 13:45:00-04,48,2012-04-09 13:58:00-04,58
186945,Closed,447,2012-04-09 13:46:00-04,11,2012-04-09 13:54:00-04,34
186946,Closed,170,2012-04-09 13:48:00-04,33,2012-04-09 13:51:00-04,45
186947,Closed,256,2012-04-09 13:49:00-04,57,2012-04-09 13:53:00-04,39
186948,Closed,991,2012-04-09 13:51:00-04,8,2012-04-09 14:08:00-04,11
186949,Closed,244,2012-04-09 13:56:00-04,35,2012-04-09 14:00:00-04,23
186950,Closed,260,2012-04-09 13:56:00-04,33,2012-04-09 14:01:00-04,55
186951,Closed,140,2012-04-09 13:57:00-04,13,2012-04-09 13:59:00-04,51
186952,Closed,3535,2012-04-09 13:58:00-04,7,2012-04-09 14:57:00-04,53
186953,Closed,3517,2012-04-09 13:58:00-04,7,2012-04-09 14:57:00-04,53
186954,Closed,1516,2012-04-09 13:58:00-04,15,2012-04-09 14:23:00-04,52
186955,Closed,1797,2012-04-09 14:00:00-04,55,2012-04-09 14:30:00-04,58
186956,Closed,760,2012-04-09 14:04:00-04,10,2012-04-09 14:17:00-04,8
186957,Closed,195,2012-04-09 14:06:00-04,46,2012-04-09 14:09:00-04,57
186958,Closed,1409,2012-04-09 14:06:00-04,23,2012-04-09 14:29:00-04,55
186959,Closed,1183,2012-04-09 14:07:00-04,36,2012-04-09 14:27:00-04,33
186960,Closed,2219,2012-04-09 14:10:00-04,52,2012-04-09 14:47:00-04,38
186961,Closed,2424,2012-04-09 14:11:00-04,64,2012-04-09 14:51:00-04,39
186962,Closed,306,2012-04-09 14:11:00-04,21,2012-04-09 14:17:00-04,39
186963,Closed,2487,2012-04-09 14:16:00-04,48,2012-04-09 14:58:00-04,42
186964,Closed,2450,2012-04-09 14:17:00-04,48,2012-04-09 14:58:00-04,42
186965,Closed,856,2012-04-09 14:16:00-04,10,2012-04-09 14:31:00-04,49
186966,Closed,2475,2012-04-09 14:17:00-04,48,2012-04-09 14:58:00-04,42
186967,Closed,434,2012-04-09 14:18:00-04,63,2012-04-09 14:25:00-04,59
186968,Closed,976,2012-04-09 14:18:00-04,9,2012-04-09 14:34:00-04,58
186969,Closed,987,2012-04-09 14:21:00-04,45,2012-04-09 14:37:00-04,55
186970,Closed,625,2012-04-09 14:20:00-04,3,2012-04-09 14:30:00-04,36
186971,Closed,223,2012-04-09 14:20:00-04,12,2012-04-09 14:23:00-04,27
186972,Closed,389,2012-04-09 14:20:00-04,47,2012-04-09 14:27:00-04,24
186973,Closed,226,2012-04-09 14:20:00-04,12,2012-04-09 14:24:00-04,51
186974,Closed,450,2012-04-09 14:22:00-04,42,2012-04-09 14:29:00-04,52
186975,Closed,209,2012-04-09 14:25:00-04,25,2012-04-09 14:28:00-04,21
186976,Closed,591,2012-04-09 14:26:00-04,62,2012-04-09 14:36:00-04,5
186978,Closed,395,2012-04-09 14:29:00-04,5,2012-04-09 14:36:00-04,33
186979,Closed,724,2012-04-09 14:33:00-04,58,2012-04-09 14:45:00-04,58
186980,Closed,1282,2012-04-09 14:33:00-04,59,2012-04-09 14:54:00-04,33
186981,Closed,709,2012-04-09 14:34:00-04,33,2012-04-09 14:46:00-04,13
186982,Closed,321,2012-04-09 14:34:00-04,11,2012-04-09 14:40:00-04,34
186983,Closed,537,2012-04-09 14:35:00-04,50,2012-04-09 14:44:00-04,64
186985,Closed,503,2012-04-09 14:38:00-04,22,2012-04-09 14:46:00-04,58
186986,Closed,968,2012-04-09 14:38:00-04,49,2012-04-09 14:55:00-04,33
186987,Closed,356,2012-04-09 14:40:00-04,42,2012-04-09 14:46:00-04,43
186988,Closed,288,2012-04-09 14:41:00-04,43,2012-04-09 14:46:00-04,38
186989,Closed,514,2012-04-09 14:42:00-04,55,2012-04-09 14:50:00-04,21
186992,Closed,656,2012-04-09 14:42:00-04,33,2012-04-09 14:53:00-04,14
186993,Closed,625,2012-04-09 14:43:00-04,25,2012-04-09 14:53:00-04,58
186995,Closed,357,2012-04-09 14:44:00-04,48,2012-04-09 14:50:00-04,40
186996,Closed,203,2012-04-09 14:44:00-04,41,2012-04-09 14:47:00-04,9
186997,Closed,2163,2012-04-09 14:46:00-04,7,2012-04-09 15:22:00-04,47
186998,Closed,1941,2012-04-09 14:49:00-04,7,2012-04-09 15:21:00-04,47
186999,Closed,3126,2012-04-09 14:48:00-04,58,2012-04-09 15:41:00-04,55
187000,Closed,964,2012-04-09 14:49:00-04,44,2012-04-09 15:05:00-04,47
187001,Closed,498,2012-04-09 14:49:00-04,43,2012-04-09 14:57:00-04,60
187002,Closed,1771,2012-04-09 14:51:00-04,7,2012-04-09 15:21:00-04,47
187003,Closed,433,2012-04-09 14:52:00-04,63,2012-04-09 14:59:00-04,22
187004,Closed,918,2012-04-09 14:53:00-04,4,2012-04-09 15:09:00-04,27
187005,Closed,1523,2012-04-09 14:58:00-04,43,2012-04-09 15:23:00-04,50
187006,Closed,269,2012-04-09 14:56:00-04,49,2012-04-09 15:00:00-04,36
187007,Closed,574,2012-04-09 14:57:00-04,5,2012-04-09 15:07:00-04,11
187008,Closed,1371,2012-04-09 15:02:00-04,45,2012-04-09 15:25:00-04,45
187009,Closed,480,2012-04-09 15:01:00-04,42,2012-04-09 15:09:00-04,38
187010,Closed,787,2012-04-09 15:05:00-04,36,2012-04-09 15:18:00-04,36
187011,Closed,221,2012-04-09 15:04:00-04,36,2012-04-09 15:07:00-04,52
187013,Closed,372,2012-04-09 15:06:00-04,13,2012-04-09 15:12:00-04,25
187014,Closed,1196,2012-04-09 15:09:00-04,39,2012-04-09 15:29:00-04,33
187015,Closed,1116,2012-04-09 15:09:00-04,54,2012-04-09 15:27:00-04,45
187016,Closed,677,2012-04-09 15:09:00-04,41,2012-04-09 15:20:00-04,55
187017,Closed,1179,2012-04-09 15:10:00-04,14,2012-04-09 15:30:00-04,45
187018,Closed,290,2012-04-09 15:13:00-04,49,2012-04-09 15:17:00-04,16
187019,Closed,251,2012-04-09 15:16:00-04,30,2012-04-09 15:20:00-04,27
187020,Closed,353,2012-04-09 15:16:00-04,6,2012-04-09 15:22:00-04,35
187021,Closed,1059,2012-04-09 15:19:00-04,64,2012-04-09 15:37:00-04,64
187022,Closed,404,2012-04-09 15:21:00-04,16,2012-04-09 15:27:00-04,26
187023,Closed,498,2012-04-09 15:21:00-04,40,2012-04-09 15:29:00-04,22
187024,Closed,406,2012-04-09 15:21:00-04,13,2012-04-09 15:28:00-04,57
187025,Closed,1336,2012-04-09 15:23:00-04,47,2012-04-09 15:46:00-04,40
187026,Closed,612,2012-04-09 15:23:00-04,64,2012-04-09 15:33:00-04,4
187028,Closed,1284,2012-04-09 15:24:00-04,47,2012-04-09 15:46:00-04,40
187030,Closed,517,2012-04-09 15:25:00-04,36,2012-04-09 15:34:00-04,22
187031,Closed,816,2012-04-09 15:27:00-04,54,2012-04-09 15:41:00-04,6
187032,Closed,207,2012-04-09 15:27:00-04,52,2012-04-09 15:30:00-04,36
187033,Closed,791,2012-04-09 15:27:00-04,54,2012-04-09 15:41:00-04,6
187034,Closed,2740,2012-04-09 15:30:00-04,52,2012-04-09 16:15:00-04,36
187035,Closed,449,2012-04-09 15:30:00-04,57,2012-04-09 15:37:00-04,53
187036,Closed,2715,2012-04-09 15:30:00-04,52,2012-04-09 16:16:00-04,36
187037,Closed,180,2012-04-09 15:30:00-04,25,2012-04-09 15:33:00-04,39
187038,Closed,376,2012-04-09 15:31:00-04,42,2012-04-09 15:37:00-04,64
187039,Closed,465,2012-04-09 15:33:00-04,57,2012-04-09 15:40:00-04,53
187040,Closed,3664,2012-04-09 15:36:00-04,40,2012-04-09 16:37:00-04,55
187041,Closed,325,2012-04-09 15:34:00-04,4,2012-04-09 15:40:00-04,57
187042,Closed,549,2012-04-09 15:35:00-04,36,2012-04-09 15:44:00-04,38
187043,Closed,806,2012-04-09 15:35:00-04,41,2012-04-09 15:48:00-04,55
187044,Closed,1350,2012-04-09 15:36:00-04,14,2012-04-09 15:58:00-04,38
187045,Closed,547,2012-04-09 15:36:00-04,60,2012-04-09 15:45:00-04,52
187046,Closed,649,2012-04-09 15:37:00-04,45,2012-04-09 15:47:00-04,52
187047,Closed,3608,2012-04-09 15:38:00-04,40,2012-04-09 16:38:00-04,55
187048,Closed,512,2012-04-09 15:39:00-04,42,2012-04-09 15:48:00-04,60
187049,Closed,359,2012-04-09 15:39:00-04,26,2012-04-09 15:45:00-04,63
187050,Closed,1214,2012-04-09 15:40:00-04,11,2012-04-09 16:00:00-04,8
187051,Closed,355,2012-04-09 15:41:00-04,48,2012-04-09 15:46:00-04,38
187052,Closed,512,2012-04-09 15:42:00-04,33,2012-04-09 15:51:00-04,46
187053,Closed,241,2012-04-09 15:44:00-04,40,2012-04-09 15:48:00-04,43
187054,Closed,273,2012-04-09 15:44:00-04,59,2012-04-09 15:49:00-04,35
187056,Closed,778,2012-04-09 15:45:00-04,12,2012-04-09 15:58:00-04,63
187057,Closed,59,2012-04-09 15:45:00-04,16,2012-04-09 15:46:00-04,16
187058,Closed,2124,2012-04-09 15:47:00-04,60,2012-04-09 16:22:00-04,23
187059,Closed,1535,2012-04-09 15:47:00-04,16,2012-04-09 16:12:00-04,38
187060,Closed,2082,2012-04-09 15:48:00-04,60,2012-04-09 16:22:00-04,23
187061,Closed,1153,2012-04-09 15:47:00-04,6,2012-04-09 16:06:00-04,53
187062,Closed,2120,2012-04-09 15:47:00-04,60,2012-04-09 16:22:00-04,23
187063,Closed,2020,2012-04-09 15:47:00-04,22,2012-04-09 16:21:00-04,22
187064,Closed,39,2012-04-09 15:48:00-04,50,2012-04-09 15:49:00-04,50
187065,Closed,1609,2012-04-09 15:49:00-04,40,2012-04-09 16:16:00-04,64
187066,Closed,1300,2012-04-09 15:50:00-04,40,2012-04-09 16:11:00-04,64
187067,Closed,411,2012-04-09 15:49:00-04,50,2012-04-09 15:56:00-04,39
187068,Closed,1223,2012-04-09 15:50:00-04,40,2012-04-09 16:10:00-04,64
187069,Closed,565,2012-04-09 15:50:00-04,25,2012-04-09 16:00:00-04,22
187070,Closed,347,2012-04-09 15:52:00-04,10,2012-04-09 15:58:00-04,41
187071,Closed,195,2012-04-09 15:53:00-04,55,2012-04-09 15:56:00-04,52
187072,Closed,1086,2012-04-09 15:54:00-04,13,2012-04-09 16:12:00-04,11
187074,Closed,289,2012-04-09 15:59:00-04,21,2012-04-09 16:04:00-04,16
187075,Closed,174,2012-04-09 15:59:00-04,4,2012-04-09 16:02:00-04,49
187077,Closed,104,2012-04-09 16:00:00-04,29,2012-04-09 16:02:00-04,18
187079,Closed,435,2012-04-09 16:01:00-04,43,2012-04-09 16:08:00-04,59
187080,Closed,228,2012-04-09 16:01:00-04,14,2012-04-09 16:05:00-04,32
187082,Closed,347,2012-04-09 16:02:00-04,33,2012-04-09 16:07:00-04,55
187084,Closed,1626,2012-04-09 16:04:00-04,42,2012-04-09 16:31:00-04,41
187085,Closed,210,2012-04-09 16:04:00-04,10,2012-04-09 16:08:00-04,9
187087,Closed,678,2012-04-09 16:05:00-04,48,2012-04-09 16:16:00-04,16
187088,Closed,1998,2012-04-09 16:05:00-04,48,2012-04-09 16:38:00-04,53
187089,Closed,582,2012-04-09 16:06:00-04,14,2012-04-09 16:15:00-04,21
187090,Closed,608,2012-04-09 16:06:00-04,59,2012-04-09 16:16:00-04,52
187091,Closed,485,2012-04-09 16:06:00-04,7,2012-04-09 16:14:00-04,47
187092,Closed,625,2012-04-09 16:06:00-04,39,2012-04-09 16:17:00-04,58
187093,Closed,1919,2012-04-09 16:11:00-04,53,2012-04-09 16:43:00-04,17
187094,Closed,533,2012-04-09 16:07:00-04,59,2012-04-09 16:16:00-04,47
187095,Closed,1907,2012-04-09 16:11:00-04,53,2012-04-09 16:43:00-04,17
187096,Closed,278,2012-04-09 16:10:00-04,16,2012-04-09 16:14:00-04,21
187097,Closed,1019,2012-04-09 16:08:00-04,23,2012-04-09 16:25:00-04,10
187098,Closed,426,2012-04-09 16:10:00-04,7,2012-04-09 16:17:00-04,38
187100,Closed,233,2012-04-09 16:11:00-04,7,2012-04-09 16:15:00-04,64
187101,Closed,348,2012-04-09 16:12:00-04,21,2012-04-09 16:17:00-04,50
187102,Closed,307,2012-04-09 16:12:00-04,50,2012-04-09 16:17:00-04,58
187103,Closed,651,2012-04-09 16:12:00-04,10,2012-04-09 16:23:00-04,60
187104,Closed,635,2012-04-09 16:12:00-04,50,2012-04-09 16:23:00-04,38
187107,Closed,377,2012-04-09 16:15:00-04,42,2012-04-09 16:21:00-04,43
187109,Closed,393,2012-04-09 16:16:00-04,22,2012-04-09 16:22:00-04,24
187110,Closed,240,2012-04-09 16:16:00-04,22,2012-04-09 16:20:00-04,48
187111,Closed,847,2012-04-09 16:18:00-04,6,2012-04-09 16:32:00-04,49
187113,Closed,267,2012-04-09 16:18:00-04,23,2012-04-09 16:22:00-04,38
187114,Closed,386,2012-04-09 16:18:00-04,42,2012-04-09 16:25:00-04,59
187115,Closed,799,2012-04-09 16:19:00-04,6,2012-04-09 16:32:00-04,49
187116,Closed,490,2012-04-09 16:18:00-04,13,2012-04-09 16:26:00-04,16
187117,Closed,1098,2012-04-09 16:19:00-04,11,2012-04-09 16:38:00-04,22
187119,Closed,1289,2012-04-09 16:20:00-04,64,2012-04-09 16:41:00-04,59
187120,Closed,1243,2012-04-09 16:20:00-04,64,2012-04-09 16:41:00-04,59
187121,Closed,399,2012-04-09 16:21:00-04,7,2012-04-09 16:27:00-04,38
187122,Closed,365,2012-04-09 16:21:00-04,52,2012-04-09 16:27:00-04,39
187123,Closed,116,2012-04-09 16:21:00-04,29,2012-04-09 16:23:00-04,18
187124,Closed,1174,2012-04-09 16:22:00-04,36,2012-04-09 16:42:00-04,23
187125,Closed,1158,2012-04-09 16:22:00-04,36,2012-04-09 16:42:00-04,23
187126,Closed,343013,2012-04-09 16:24:00-04,40,2012-04-13 15:41:00-04,64
187127,Closed,1455,2012-04-09 16:23:00-04,11,2012-04-09 16:47:00-04,38
187128,Closed,546,2012-04-09 16:24:00-04,60,2012-04-09 16:33:00-04,43
187129,Closed,587,2012-04-09 16:24:00-04,60,2012-04-09 16:33:00-04,4
187130,Closed,457,2012-04-09 16:25:00-04,50,2012-04-09 16:33:00-04,22
187131,Closed,284,2012-04-09 16:25:00-04,14,2012-04-09 16:30:00-04,12
187132,Closed,441,2012-04-09 16:26:00-04,3,2012-04-09 16:33:00-04,46
187133,Closed,725,2012-04-09 16:26:00-04,22,2012-04-09 16:38:00-04,6
187134,Closed,4650,2012-04-09 16:28:00-04,42,2012-04-09 17:45:00-04,58
187135,Closed,4664,2012-04-09 16:27:00-04,42,2012-04-09 17:45:00-04,58
187136,Closed,816,2012-04-09 16:27:00-04,11,2012-04-09 16:40:00-04,25
187137,Closed,551,2012-04-09 16:28:00-04,12,2012-04-09 16:37:00-04,32
187138,Closed,634,2012-04-09 16:28:00-04,10,2012-04-09 16:39:00-04,8
187139,Closed,4476,2012-04-09 16:31:00-04,42,2012-04-09 17:45:00-04,58
187140,Closed,1035,2012-04-09 16:29:00-04,48,2012-04-09 16:46:00-04,52
187141,Closed,1316,2012-04-09 16:29:00-04,52,2012-04-09 16:51:00-04,20
187142,Closed,722,2012-04-09 16:30:00-04,40,2012-04-09 16:43:00-04,22
187143,Closed,326,2012-04-09 16:31:00-04,48,2012-04-09 16:36:00-04,38
187144,Closed,307,2012-04-09 16:31:00-04,35,2012-04-09 16:36:00-04,38
187145,Closed,452,2012-04-09 16:32:00-04,48,2012-04-09 16:39:00-04,38
187146,Closed,593,2012-04-09 16:33:00-04,64,2012-04-09 16:43:00-04,38
187147,Closed,1119,2012-04-09 16:33:00-04,16,2012-04-09 16:52:00-04,6
187148,Closed,576,2012-04-09 16:34:00-04,59,2012-04-09 16:43:00-04,39
187149,Closed,174,2012-04-09 16:34:00-04,21,2012-04-09 16:36:00-04,36
187150,Closed,536,2012-04-09 16:35:00-04,22,2012-04-09 16:44:00-04,38
187151,Closed,271,2012-04-09 16:36:00-04,48,2012-04-09 16:40:00-04,22
187152,Closed,1085,2012-04-09 16:37:00-04,23,2012-04-09 16:55:00-04,22
187153,Closed,753,2012-04-09 16:37:00-04,21,2012-04-09 16:49:00-04,38
187154,Closed,1388,2012-04-09 16:37:00-04,38,2012-04-09 17:00:00-04,46
187155,Closed,359,2012-04-09 16:38:00-04,25,2012-04-09 16:44:00-04,13
187156,Closed,5761,2012-04-09 16:39:00-04,21,2012-04-09 18:15:00-04,53
187157,Closed,189,2012-04-09 16:39:00-04,55,2012-04-09 16:42:00-04,5
187158,Closed,333,2012-04-09 16:39:00-04,49,2012-04-09 16:44:00-04,16
187159,Closed,343,2012-04-09 16:39:00-04,39,2012-04-09 16:45:00-04,16
187160,Closed,194,2012-04-09 16:40:00-04,43,2012-04-09 16:43:00-04,47
187161,Closed,376,2012-04-09 16:40:00-04,36,2012-04-09 16:46:00-04,33
187162,Closed,239,2012-04-09 16:41:00-04,53,2012-04-09 16:45:00-04,46
187164,Closed,491,2012-04-09 16:41:00-04,46,2012-04-09 16:49:00-04,3
187165,Closed,1550,2012-04-09 16:41:00-04,38,2012-04-09 17:07:00-04,38
187166,Closed,867,2012-04-09 16:41:00-04,45,2012-04-09 16:56:00-04,54
187167,Closed,8590,2012-04-09 16:42:00-04,42,2012-04-09 19:05:00-04,42
187168,Closed,566,2012-04-09 16:41:00-04,13,2012-04-09 16:51:00-04,22
187169,Closed,507,2012-04-09 16:41:00-04,54,2012-04-09 16:50:00-04,36
187170,Closed,505,2012-04-09 16:41:00-04,54,2012-04-09 16:50:00-04,36
187171,Closed,370,2012-04-09 16:42:00-04,48,2012-04-09 16:48:00-04,38
187173,Closed,493,2012-04-09 16:43:00-04,64,2012-04-09 16:51:00-04,38
187174,Closed,153,2012-04-09 16:43:00-04,35,2012-04-09 16:46:00-04,22
187175,Closed,111,2012-04-09 16:43:00-04,57,2012-04-09 16:45:00-04,46
187176,Closed,237,2012-04-09 16:44:00-04,21,2012-04-09 16:48:00-04,25
187177,Closed,568,2012-04-09 16:44:00-04,50,2012-04-09 16:53:00-04,60
187178,Closed,704,2012-04-09 16:45:00-04,5,2012-04-09 16:56:00-04,33
187179,Closed,487,2012-04-09 16:45:00-04,22,2012-04-09 16:53:00-04,38
187180,Closed,179,2012-04-09 16:46:00-04,40,2012-04-09 16:49:00-04,43
187181,Closed,119,2012-04-09 16:45:00-04,46,2012-04-09 16:47:00-04,5
187182,Closed,629,2012-04-09 16:45:00-04,22,2012-04-09 16:56:00-04,38
187183,Closed,293,2012-04-09 16:46:00-04,5,2012-04-09 16:51:00-04,55
187184,Closed,1402,2012-04-09 16:47:00-04,12,2012-04-09 17:11:00-04,17
187185,Closed,714,2012-04-09 16:47:00-04,14,2012-04-09 16:59:00-04,12
187186,Closed,349,2012-04-09 16:48:00-04,50,2012-04-09 16:54:00-04,22
187187,Closed,252,2012-04-09 16:49:00-04,43,2012-04-09 16:53:00-04,40
187188,Closed,535,2012-04-09 16:49:00-04,22,2012-04-09 16:58:00-04,38
187189,Closed,321,2012-04-09 16:50:00-04,22,2012-04-09 16:55:00-04,40
187190,Closed,715,2012-04-09 16:51:00-04,3,2012-04-09 17:03:00-04,12
187191,Closed,543,2012-04-09 16:51:00-04,32,2012-04-09 17:00:00-04,36
187192,Closed,234,2012-04-09 16:51:00-04,49,2012-04-09 16:55:00-04,16
187193,Closed,516,2012-04-09 16:52:00-04,64,2012-04-09 17:01:00-04,38
187194,Closed,255,2012-04-09 16:54:00-04,64,2012-04-09 16:58:00-04,20
187195,Closed,243,2012-04-09 16:54:00-04,26,2012-04-09 16:58:00-04,25
187196,Closed,459,2012-04-09 16:54:00-04,22,2012-04-09 17:02:00-04,47
187197,Closed,437,2012-04-09 16:55:00-04,34,2012-04-09 17:02:00-04,12
187200,Closed,278,2012-04-09 16:55:00-04,46,2012-04-09 17:00:00-04,16
187201,Closed,735,2012-04-09 16:56:00-04,60,2012-04-09 17:08:00-04,39
187202,Closed,335,2012-04-09 16:56:00-04,42,2012-04-09 17:02:00-04,16
187203,Closed,341,2012-04-09 16:56:00-04,64,2012-04-09 17:02:00-04,44
187204,Closed,446,2012-04-09 16:57:00-04,32,2012-04-09 17:04:00-04,46
187205,Closed,560,2012-04-09 16:57:00-04,42,2012-04-09 17:06:00-04,38
187206,Closed,751,2012-04-09 16:59:00-04,54,2012-04-09 17:11:00-04,50
187207,Closed,901,2012-04-09 17:00:00-04,64,2012-04-09 17:15:00-04,58
187208,Closed,510,2012-04-09 17:00:00-04,22,2012-04-09 17:08:00-04,47
187209,Closed,864,2012-04-09 17:00:00-04,20,2012-04-09 17:15:00-04,16
187210,Closed,199,2012-04-09 17:00:00-04,30,2012-04-09 17:04:00-04,27
187211,Closed,638,2012-04-09 17:01:00-04,3,2012-04-09 17:11:00-04,25
187212,Closed,2014,2012-04-09 17:02:00-04,60,2012-04-09 17:36:00-04,53
187213,Closed,1993,2012-04-09 17:03:00-04,60,2012-04-09 17:36:00-04,53
187214,Closed,917,2012-04-09 17:01:00-04,7,2012-04-09 17:17:00-04,38
187215,Closed,1941,2012-04-09 17:04:00-04,60,2012-04-09 17:36:00-04,53
187216,Closed,336,2012-04-09 17:03:00-04,23,2012-04-09 17:09:00-04,43
187217,Closed,281,2012-04-09 17:03:00-04,53,2012-04-09 17:08:00-04,36
187218,Closed,827,2012-04-09 17:04:00-04,22,2012-04-09 17:17:00-04,51
187221,Closed,918,2012-04-09 17:04:00-04,15,2012-04-09 17:19:00-04,8
187223,Closed,1455,2012-04-09 17:04:00-04,29,2012-04-09 17:29:00-04,36
187224,Closed,767,2012-04-09 17:04:00-04,59,2012-04-09 17:17:00-04,52
187225,Closed,533,2012-04-09 17:05:00-04,43,2012-04-09 17:13:00-04,38
187226,Closed,359,2012-04-09 17:05:00-04,31,2012-04-09 17:11:00-04,20
187227,Closed,830,2012-04-09 17:05:00-04,64,2012-04-09 17:19:00-04,38
187228,Closed,521,2012-04-09 17:05:00-04,34,2012-04-09 17:14:00-04,36
187229,Closed,816,2012-04-09 17:06:00-04,14,2012-04-09 17:19:00-04,55
187230,Closed,183,2012-04-09 17:06:00-04,23,2012-04-09 17:09:00-04,6
187231,Closed,214,2012-04-09 17:06:00-04,16,2012-04-09 17:10:00-04,49
187232,Closed,400,2012-04-09 17:07:00-04,12,2012-04-09 17:14:00-04,39
187233,Closed,390,2012-04-09 17:07:00-04,50,2012-04-09 17:13:00-04,22
187234,Closed,231,2012-04-09 17:07:00-04,43,2012-04-09 17:11:00-04,47
187235,Closed,161,2012-04-09 17:07:00-04,3,2012-04-09 17:10:00-04,32
187236,Closed,2119,2012-04-09 17:08:00-04,50,2012-04-09 17:43:00-04,15
187237,Closed,459,2012-04-09 17:08:00-04,45,2012-04-09 17:15:00-04,36
187238,Closed,185,2012-04-09 17:08:00-04,44,2012-04-09 17:11:00-04,38
187239,Closed,391,2012-04-09 17:08:00-04,22,2012-04-09 17:14:00-04,47
187240,Closed,400,2012-04-09 17:08:00-04,59,2012-04-09 17:15:00-04,4
187241,Closed,2644103,2012-04-09 17:08:00-04,46,2012-05-10 07:36:00-04,36
187243,Closed,245,2012-04-09 17:09:00-04,22,2012-04-09 17:13:00-04,20
187244,Closed,194,2012-04-09 17:09:00-04,22,2012-04-09 17:12:00-04,64
187245,Closed,420,2012-04-09 17:09:00-04,22,2012-04-09 17:16:00-04,40
187246,Closed,405,2012-04-09 17:09:00-04,22,2012-04-09 17:16:00-04,20
187247,Closed,521,2012-04-09 17:09:00-04,9,2012-04-09 17:18:00-04,32
187248,Closed,290,2012-04-09 17:10:00-04,44,2012-04-09 17:15:00-04,6
187249,Closed,653,2012-04-09 17:10:00-04,38,2012-04-09 17:21:00-04,48
187250,Closed,373,2012-04-09 17:11:00-04,64,2012-04-09 17:17:00-04,20
187251,Closed,762,2012-04-09 17:11:00-04,33,2012-04-09 17:24:00-04,8
187252,Closed,234,2012-04-09 17:11:00-04,48,2012-04-09 17:15:00-04,35
187253,Closed,695,2012-04-09 17:11:00-04,36,2012-04-09 17:23:00-04,38
187254,Closed,2177,2012-04-09 17:11:00-04,9,2012-04-09 17:47:00-04,47
187255,Closed,751,2012-04-09 17:12:00-04,30,2012-04-09 17:25:00-04,55
187256,Closed,707,2012-04-09 17:12:00-04,30,2012-04-09 17:24:00-04,16
187257,Closed,1659,2012-04-09 17:13:00-04,43,2012-04-09 17:40:00-04,9
187258,Closed,721,2012-04-09 17:13:00-04,34,2012-04-09 17:25:00-04,16
187259,Closed,307,2012-04-09 17:13:00-04,4,2012-04-09 17:18:00-04,42
187260,Closed,306,2012-04-09 17:13:00-04,47,2012-04-09 17:18:00-04,54
187261,Closed,568,2012-04-09 17:13:00-04,42,2012-04-09 17:23:00-04,33
187263,Closed,447,2012-04-09 17:14:00-04,50,2012-04-09 17:21:00-04,44
187264,Closed,525,2012-04-09 17:14:00-04,64,2012-04-09 17:23:00-04,38
187265,Closed,904,2012-04-09 17:15:00-04,43,2012-04-09 17:31:00-04,25
187266,Closed,233,2012-04-09 17:16:00-04,43,2012-04-09 17:19:00-04,22
187268,Closed,637,2012-04-09 17:16:00-04,49,2012-04-09 17:27:00-04,38
187269,Closed,436,2012-04-09 17:17:00-04,30,2012-04-09 17:24:00-04,46
187270,Closed,1339,2012-04-09 17:17:00-04,60,2012-04-09 17:39:00-04,60
187271,Closed,692,2012-04-09 17:18:00-04,22,2012-04-09 17:29:00-04,38
187272,Closed,334,2012-04-09 17:18:00-04,57,2012-04-09 17:24:00-04,13
187273,Closed,845,2012-04-09 17:19:00-04,22,2012-04-09 17:33:00-04,38
187274,Closed,617,2012-04-09 17:19:00-04,50,2012-04-09 17:29:00-04,60
187275,Closed,353,2012-04-09 17:19:00-04,52,2012-04-09 17:25:00-04,39
187276,Closed,418,2012-04-09 17:19:00-04,6,2012-04-09 17:26:00-04,40
187277,Closed,494,2012-04-09 17:20:00-04,21,2012-04-09 17:28:00-04,58
187278,Closed,235,2012-04-09 17:20:00-04,43,2012-04-09 17:24:00-04,22
187279,Closed,193,2012-04-09 17:20:00-04,62,2012-04-09 17:23:00-04,32
187280,Closed,488,2012-04-09 17:20:00-04,31,2012-04-09 17:28:00-04,38
187281,Closed,3520,2012-04-09 17:21:00-04,49,2012-04-09 18:20:00-04,15
187282,Closed,601,2012-04-09 17:20:00-04,22,2012-04-09 17:30:00-04,25
187283,Closed,915,2012-04-09 17:21:00-04,54,2012-04-09 17:36:00-04,27
187284,Closed,3504,2012-04-09 17:22:00-04,49,2012-04-09 18:20:00-04,15
187285,Closed,255,2012-04-09 17:21:00-04,39,2012-04-09 17:25:00-04,57
187286,Closed,928,2012-04-09 17:21:00-04,63,2012-04-09 17:37:00-04,21
187287,Closed,346,2012-04-09 17:21:00-04,35,2012-04-09 17:27:00-04,40
187288,Closed,229,2012-04-09 17:21:00-04,39,2012-04-09 17:25:00-04,57
187289,Closed,643,2012-04-09 17:24:00-04,6,2012-04-09 17:35:00-04,44
187291,Closed,227,2012-04-09 17:23:00-04,22,2012-04-09 17:27:00-04,64
187293,Closed,255,2012-04-09 17:23:00-04,11,2012-04-09 17:27:00-04,27
187294,Closed,300,2012-04-09 17:23:00-04,48,2012-04-09 17:28:00-04,38
187295,Closed,737,2012-04-09 17:24:00-04,22,2012-04-09 17:36:00-04,36
187296,Closed,458,2012-04-09 17:24:00-04,22,2012-04-09 17:31:00-04,49
187297,Closed,756,2012-04-09 17:24:00-04,50,2012-04-09 17:37:00-04,38
187298,Closed,311,2012-04-09 17:24:00-04,48,2012-04-09 17:29:00-04,38
187299,Closed,883,2012-04-09 17:25:00-04,38,2012-04-09 17:40:00-04,53
187300,Closed,25,2012-04-09 17:25:00-04,50,2012-04-09 17:26:00-04,50
187302,Closed,357,2012-04-09 17:26:00-04,55,2012-04-09 17:32:00-04,52
187303,Closed,279,2012-04-09 17:26:00-04,48,2012-04-09 17:31:00-04,38
187305,Closed,948,2012-04-09 17:26:00-04,50,2012-04-09 17:42:00-04,53
187306,Closed,288,2012-04-09 17:27:00-04,20,2012-04-09 17:31:00-04,7
187309,Closed,199,2012-04-09 17:28:00-04,47,2012-04-09 17:31:00-04,23
187310,Closed,1272,2012-04-09 17:28:00-04,60,2012-04-09 17:50:00-04,36
187311,Closed,151,2012-04-09 17:29:00-04,48,2012-04-09 17:31:00-04,22
187312,Closed,830,2012-04-09 17:29:00-04,11,2012-04-09 17:43:00-04,26
187313,Closed,2404,2012-04-09 17:30:00-04,60,2012-04-09 18:10:00-04,60
187314,Closed,441,2012-04-09 17:30:00-04,48,2012-04-09 17:37:00-04,24
187315,Closed,821,2012-04-09 17:30:00-04,12,2012-04-09 17:44:00-04,32
187316,Closed,1610,2012-04-09 17:31:00-04,18,2012-04-09 17:58:00-04,18
187318,Closed,493,2012-04-09 17:31:00-04,47,2012-04-09 17:40:00-04,22
187319,Closed,3669,2012-04-09 17:32:00-04,10,2012-04-09 18:33:00-04,44
187320,Closed,186,2012-04-09 17:32:00-04,42,2012-04-09 17:35:00-04,54
187321,Closed,844,2012-04-09 17:32:00-04,16,2012-04-09 17:46:00-04,20
187323,Closed,325,2012-04-09 17:32:00-04,23,2012-04-09 17:38:00-04,22
187324,Closed,479,2012-04-09 17:32:00-04,43,2012-04-09 17:40:00-04,6
187325,Closed,397,2012-04-09 17:33:00-04,50,2012-04-09 17:39:00-04,22
187326,Closed,301,2012-04-09 17:33:00-04,14,2012-04-09 17:38:00-04,34
187327,Closed,653,2012-04-09 17:33:00-04,48,2012-04-09 17:44:00-04,25
187328,Closed,1131,2012-04-09 17:33:00-04,3,2012-04-09 17:52:00-04,52
187329,Closed,383,2012-04-09 17:33:00-04,55,2012-04-09 17:39:00-04,45
187330,Closed,487,2012-04-09 17:33:00-04,36,2012-04-09 17:41:00-04,22
187331,Closed,519,2012-04-09 17:33:00-04,6,2012-04-09 17:42:00-04,22
187332,Closed,1427,2012-04-09 17:34:00-04,9,2012-04-09 17:58:00-04,6
187333,Closed,402,2012-04-09 17:34:00-04,48,2012-04-09 17:41:00-04,40
187334,Closed,996,2012-04-09 17:35:00-04,43,2012-04-09 17:51:00-04,52
187335,Closed,459,2012-04-09 17:35:00-04,16,2012-04-09 17:43:00-04,46
187336,Closed,307,2012-04-09 17:35:00-04,22,2012-04-09 17:40:00-04,20
187337,Closed,216,2012-04-09 17:36:00-04,6,2012-04-09 17:39:00-04,60
187338,Closed,406,2012-04-09 17:36:00-04,23,2012-04-09 17:43:00-04,6
187340,Closed,453,2012-04-09 17:38:00-04,16,2012-04-09 17:46:00-04,39
187341,Closed,391,2012-04-09 17:38:00-04,54,2012-04-09 17:45:00-04,26
187342,Closed,802,2012-04-09 17:38:00-04,21,2012-04-09 17:51:00-04,22
187343,Closed,218,2012-04-09 17:38:00-04,48,2012-04-09 17:42:00-04,22
187345,Closed,1115,2012-04-09 17:38:00-04,23,2012-04-09 17:57:00-04,16
187346,Closed,250,2012-04-09 17:39:00-04,53,2012-04-09 17:43:00-04,46
187348,Closed,601,2012-04-09 17:40:00-04,21,2012-04-09 17:50:00-04,27
187349,Closed,1043,2012-04-09 17:41:00-04,54,2012-04-09 17:58:00-04,9
187350,Closed,500,2012-04-09 17:42:00-04,22,2012-04-09 17:50:00-04,36
187351,Closed,1214,2012-04-09 17:42:00-04,3,2012-04-09 18:02:00-04,22
187352,Closed,595,2012-04-09 17:43:00-04,25,2012-04-09 17:53:00-04,49
187353,Closed,517,2012-04-09 17:43:00-04,36,2012-04-09 17:52:00-04,16
187357,Closed,618,2012-04-09 17:45:00-04,59,2012-04-09 17:55:00-04,25
187362,Closed,210,2012-04-09 17:46:00-04,45,2012-04-09 17:49:00-04,32
187364,Closed,343,2012-04-09 17:46:00-04,59,2012-04-09 17:52:00-04,43
187365,Closed,556,2012-04-09 17:46:00-04,36,2012-04-09 17:55:00-04,6
187367,Closed,221,2012-04-09 17:46:00-04,14,2012-04-09 17:50:00-04,30
187369,Closed,587,2012-04-09 17:47:00-04,22,2012-04-09 17:57:00-04,26
187370,Closed,216,2012-04-09 17:47:00-04,55,2012-04-09 17:51:00-04,45
187372,Closed,755,2012-04-09 17:48:00-04,22,2012-04-09 18:00:00-04,60
187375,Closed,560,2012-04-09 17:48:00-04,13,2012-04-09 17:58:00-04,4
187376,Closed,346,2012-04-09 17:48:00-04,11,2012-04-09 17:54:00-04,45
187378,Closed,5049,2012-04-09 17:52:00-04,53,2012-04-09 19:16:00-04,33
187380,Closed,637,2012-04-09 17:50:00-04,52,2012-04-09 18:00:00-04,25
187381,Closed,663,2012-04-09 17:51:00-04,22,2012-04-09 18:02:00-04,25
187385,Closed,477,2012-04-09 17:53:00-04,23,2012-04-09 18:01:00-04,31
187386,Closed,1721,2012-04-09 17:53:00-04,58,2012-04-09 18:22:00-04,58
187387,Closed,1514,2012-04-09 17:54:00-04,58,2012-04-09 18:20:00-04,58
187388,Closed,216,2012-04-09 17:54:00-04,21,2012-04-09 17:58:00-04,25
187389,Closed,1309,2012-04-09 17:54:00-04,22,2012-04-09 18:16:00-04,35
187390,Closed,546,2012-04-09 17:55:00-04,34,2012-04-09 18:04:00-04,36
187391,Closed,449,2012-04-09 17:55:00-04,22,2012-04-09 18:03:00-04,4
187392,Closed,725,2012-04-09 17:56:00-04,44,2012-04-09 18:08:00-04,6
187393,Closed,387,2012-04-09 17:56:00-04,39,2012-04-09 18:02:00-04,46
187394,Closed,420,2012-04-09 17:56:00-04,22,2012-04-09 18:03:00-04,40
187395,Closed,394,2012-04-09 17:58:00-04,16,2012-04-09 18:04:00-04,26
187396,Closed,194,2012-04-09 17:58:00-04,30,2012-04-09 18:01:00-04,27
187397,Closed,518,2012-04-09 17:58:00-04,53,2012-04-09 18:07:00-04,36
187398,Closed,1335,2012-04-09 17:58:00-04,40,2012-04-09 18:20:00-04,39
187399,Closed,554,2012-04-09 17:59:00-04,6,2012-04-09 18:08:00-04,4
187400,Closed,551,2012-04-09 17:59:00-04,36,2012-04-09 18:08:00-04,45
187402,Closed,606,2012-04-09 17:59:00-04,18,2012-04-09 18:09:00-04,18
187405,Closed,436,2012-04-09 18:01:00-04,22,2012-04-09 18:08:00-04,40
187406,Closed,285,2012-04-09 18:01:00-04,25,2012-04-09 18:06:00-04,21
187407,Closed,361,2012-04-09 18:02:00-04,44,2012-04-09 18:08:00-04,22
187408,Closed,556,2012-04-09 18:02:00-04,22,2012-04-09 18:12:00-04,26
187409,Closed,1105,2012-04-09 18:03:00-04,43,2012-04-09 18:21:00-04,47
187410,Closed,568,2012-04-09 18:03:00-04,30,2012-04-09 18:12:00-04,21
187411,Closed,577,2012-04-09 18:03:00-04,14,2012-04-09 18:12:00-04,57
187412,Closed,257,2012-04-09 18:05:00-04,64,2012-04-09 18:09:00-04,20
187413,Closed,408,2012-04-09 18:05:00-04,52,2012-04-09 18:12:00-04,58
187414,Closed,724,2012-04-09 18:05:00-04,4,2012-04-09 18:17:00-04,48
187415,Closed,1470,2012-04-09 18:06:00-04,9,2012-04-09 18:30:00-04,50
187416,Closed,168,2012-04-09 18:07:00-04,20,2012-04-09 18:09:00-04,40
187423,Closed,1051,2012-04-09 18:09:00-04,64,2012-04-09 18:26:00-04,23
187424,Closed,382,2012-04-09 18:10:00-04,24,2012-04-09 18:16:00-04,44
187429,Closed,415,2012-04-09 18:13:00-04,23,2012-04-09 18:20:00-04,22
187430,Closed,438,2012-04-09 18:14:00-04,59,2012-04-09 18:21:00-04,47
187431,Closed,257,2012-04-09 18:14:00-04,40,2012-04-09 18:18:00-04,40
187432,Closed,592,2012-04-09 18:14:00-04,60,2012-04-09 18:24:00-04,48
187435,Closed,237,2012-04-09 18:15:00-04,43,2012-04-09 18:19:00-04,47
187436,Closed,429,2012-04-09 18:15:00-04,59,2012-04-09 18:22:00-04,40
187440,Closed,601,2012-04-09 18:16:00-04,10,2012-04-09 18:26:00-04,52
187442,Closed,588,2012-04-09 18:17:00-04,64,2012-04-09 18:27:00-04,40
187444,Closed,1061,2012-04-09 18:17:00-04,47,2012-04-09 18:35:00-04,39
187445,Closed,253,2012-04-09 18:18:00-04,16,2012-04-09 18:22:00-04,57
187446,Closed,706,2012-04-09 18:18:00-04,35,2012-04-09 18:30:00-04,52
187447,Closed,953,2012-04-09 18:20:00-04,53,2012-04-09 18:36:00-04,58
187448,Closed,849,2012-04-09 18:19:00-04,31,2012-04-09 18:33:00-04,39
187449,Closed,1052,2012-04-09 18:20:00-04,21,2012-04-09 18:37:00-04,26
187450,Closed,449,2012-04-09 18:20:00-04,34,2012-04-09 18:27:00-04,36
187451,Closed,500,2012-04-09 18:20:00-04,22,2012-04-09 18:28:00-04,6
187453,Closed,302,2012-04-09 18:21:00-04,33,2012-04-09 18:26:00-04,46
187454,Closed,1038,2012-04-09 18:21:00-04,22,2012-04-09 18:38:00-04,53
187455,Closed,976,2012-04-09 18:21:00-04,16,2012-04-09 18:37:00-04,47
187456,Closed,974,2012-04-09 18:21:00-04,16,2012-04-09 18:37:00-04,47
187457,Closed,1289,2012-04-09 18:22:00-04,7,2012-04-09 18:43:00-04,63
187458,Closed,228,2012-04-09 18:22:00-04,22,2012-04-09 18:25:00-04,43
187459,Closed,517,2012-04-09 18:22:00-04,58,2012-04-09 18:31:00-04,49
187460,Closed,713,2012-04-09 18:22:00-04,50,2012-04-09 18:34:00-04,53
187461,Closed,386,2012-04-09 18:23:00-04,33,2012-04-09 18:29:00-04,9
187462,Closed,1035,2012-04-09 18:23:00-04,53,2012-04-09 18:40:00-04,17
187463,Closed,358,2012-04-09 18:25:00-04,58,2012-04-09 18:31:00-04,49
187464,Closed,223,2012-04-09 18:24:00-04,25,2012-04-09 18:28:00-04,4
187465,Closed,505,2012-04-09 18:25:00-04,22,2012-04-09 18:33:00-04,6
187466,Closed,473,2012-04-09 18:25:00-04,36,2012-04-09 18:33:00-04,60
187472,Closed,126,2012-04-09 18:27:00-04,48,2012-04-09 18:29:00-04,35
187474,Closed,347,2012-04-09 18:27:00-04,22,2012-04-09 18:33:00-04,40
187475,Closed,414,2012-04-09 18:27:00-04,4,2012-04-09 18:34:00-04,63
187476,Closed,446,2012-04-09 18:29:00-04,10,2012-04-09 18:36:00-04,53
187477,Closed,421,2012-04-09 18:28:00-04,16,2012-04-09 18:35:00-04,39
187478,Closed,234,2012-04-09 18:27:00-04,48,2012-04-09 18:31:00-04,24
187479,Closed,832,2012-04-09 18:28:00-04,32,2012-04-09 18:42:00-04,60
187480,Closed,641,2012-04-09 18:29:00-04,23,2012-04-09 18:40:00-04,39
187482,Closed,446,2012-04-09 18:30:00-04,50,2012-04-09 18:37:00-04,42
187484,Closed,200,2012-04-09 18:30:00-04,43,2012-04-09 18:33:00-04,24
187487,Closed,500,2012-04-09 18:31:00-04,11,2012-04-09 18:39:00-04,46
187488,Closed,391,2012-04-09 18:31:00-04,22,2012-04-09 18:37:00-04,40
187490,Closed,456,2012-04-09 18:31:00-04,49,2012-04-09 18:39:00-04,25
187494,Closed,467,2012-04-09 18:33:00-04,32,2012-04-09 18:40:00-04,12
187496,Closed,1000,2012-04-09 18:34:00-04,6,2012-04-09 18:50:00-04,6
187498,Closed,29,2012-04-09 18:35:00-04,35,2012-04-09 18:35:00-04,35
187499,Closed,559,2012-04-09 18:35:00-04,64,2012-04-09 18:44:00-04,26
187501,Closed,1549,2012-04-09 18:37:00-04,50,2012-04-09 19:03:00-04,21
187504,Closed,1499,2012-04-09 18:38:00-04,50,2012-04-09 19:03:00-04,21
187506,Closed,711,2012-04-09 18:37:00-04,36,2012-04-09 18:48:00-04,3
187507,Closed,485,2012-04-09 18:37:00-04,11,2012-04-09 18:45:00-04,12
187508,Closed,295,2012-04-09 18:37:00-04,36,2012-04-09 18:42:00-04,58
187509,Closed,1489,2012-04-09 18:37:00-04,58,2012-04-09 19:02:00-04,47
187510,Closed,1388,2012-04-09 18:40:00-04,50,2012-04-09 19:03:00-04,21
187511,Closed,1407,2012-04-09 18:39:00-04,50,2012-04-09 19:03:00-04,21
187513,Closed,429,2012-04-09 18:39:00-04,47,2012-04-09 18:46:00-04,60
187514,Closed,328,2012-04-09 18:39:00-04,14,2012-04-09 18:45:00-04,46
187515,Closed,541,2012-04-09 18:40:00-04,20,2012-04-09 18:49:00-04,49
187516,Closed,302,2012-04-09 18:41:00-04,59,2012-04-09 18:46:00-04,4
187517,Closed,608,2012-04-09 18:41:00-04,16,2012-04-09 18:51:00-04,63
187518,Closed,309,2012-04-09 18:42:00-04,20,2012-04-09 18:47:00-04,22
187519,Closed,174,2012-04-09 18:42:00-04,23,2012-04-09 18:45:00-04,47
187520,Closed,1291,2012-04-09 18:45:00-04,44,2012-04-09 19:07:00-04,47
187521,Closed,823,2012-04-09 18:43:00-04,48,2012-04-09 18:57:00-04,36
187522,Closed,572,2012-04-09 18:44:00-04,26,2012-04-09 18:53:00-04,36
187523,Closed,657,2012-04-09 18:45:00-04,49,2012-04-09 18:56:00-04,49
187524,Closed,280,2012-04-09 18:46:00-04,48,2012-04-09 18:51:00-04,38
187525,Closed,916,2012-04-09 18:46:00-04,33,2012-04-09 19:01:00-04,44
187526,Closed,514,2012-04-09 18:46:00-04,22,2012-04-09 18:55:00-04,4
187527,Closed,645,2012-04-09 18:47:00-04,48,2012-04-09 18:58:00-04,42
187528,Closed,430,2012-04-09 18:49:00-04,23,2012-04-09 18:56:00-04,60
187529,Closed,430,2012-04-09 18:49:00-04,23,2012-04-09 18:56:00-04,60
187530,Closed,1151,2012-04-09 18:49:00-04,46,2012-04-09 19:08:00-04,16
187531,Closed,504,2012-04-09 18:50:00-04,12,2012-04-09 18:59:00-04,4
187532,Closed,283,2012-04-09 18:51:00-04,57,2012-04-09 18:55:00-04,39
187533,Closed,278,2012-04-09 18:51:00-04,57,2012-04-09 18:55:00-04,39
187534,Closed,630,2012-04-09 18:52:00-04,64,2012-04-09 19:02:00-04,36
187535,Closed,844,2012-04-09 18:52:00-04,6,2012-04-09 19:06:00-04,63
187536,Closed,529,2012-04-09 18:54:00-04,53,2012-04-09 19:02:00-04,57
187537,Closed,836,2012-04-09 18:54:00-04,60,2012-04-09 19:08:00-04,33
187538,Closed,909,2012-04-09 18:54:00-04,25,2012-04-09 19:09:00-04,47
187539,Closed,540,2012-04-09 18:54:00-04,53,2012-04-09 19:03:00-04,57
187542,Closed,414,2012-04-09 18:55:00-04,4,2012-04-09 19:02:00-04,63
187543,Closed,246,2012-04-09 18:55:00-04,55,2012-04-09 19:00:00-04,34
187544,Closed,684,2012-04-09 18:56:00-04,52,2012-04-09 19:07:00-04,10
187545,Closed,837,2012-04-09 18:57:00-04,21,2012-04-09 19:11:00-04,20
187546,Closed,573,2012-04-09 18:57:00-04,25,2012-04-09 19:07:00-04,35
187547,Closed,413,2012-04-09 18:57:00-04,42,2012-04-09 19:04:00-04,6
187548,Closed,138,2012-04-09 18:58:00-04,55,2012-04-09 19:01:00-04,46
187549,Closed,330,2012-04-09 18:59:00-04,10,2012-04-09 19:04:00-04,32
187550,Closed,305,2012-04-09 18:59:00-04,22,2012-04-09 19:04:00-04,43
187551,Closed,208,2012-04-09 19:00:00-04,16,2012-04-09 19:04:00-04,25
187552,Closed,338,2012-04-09 19:00:00-04,54,2012-04-09 19:06:00-04,4
187553,Closed,619,2012-04-09 19:01:00-04,53,2012-04-09 19:11:00-04,42
187555,Closed,1231,2012-04-09 19:01:00-04,40,2012-04-09 19:22:00-04,12
187560,Closed,725,2012-04-09 19:02:00-04,48,2012-04-09 19:14:00-04,26
187562,Closed,369,2012-04-09 19:02:00-04,36,2012-04-09 19:09:00-04,59
187563,Closed,1250,2012-04-09 19:03:00-04,14,2012-04-09 19:24:00-04,33
187564,Closed,161,2012-04-09 19:03:00-04,26,2012-04-09 19:05:00-04,39
187565,Closed,220,2012-04-09 19:04:00-04,39,2012-04-09 19:07:00-04,57
187566,Closed,563,2012-04-09 19:04:00-04,22,2012-04-09 19:13:00-04,26
187568,Closed,390,2012-04-09 19:04:00-04,42,2012-04-09 19:11:00-04,35
187569,Closed,187,2012-04-09 19:05:00-04,14,2012-04-09 19:08:00-04,62
187571,Closed,846,2012-04-09 19:05:00-04,34,2012-04-09 19:19:00-04,5
187572,Closed,230,2012-04-09 19:07:00-04,46,2012-04-09 19:11:00-04,25
187573,Closed,499,2012-04-09 19:07:00-04,7,2012-04-09 19:15:00-04,63
187574,Closed,1196,2012-04-09 19:08:00-04,47,2012-04-09 19:28:00-04,6
187575,Closed,1119,2012-04-09 19:09:00-04,47,2012-04-09 19:28:00-04,6
187576,Closed,350,2012-04-09 19:09:00-04,36,2012-04-09 19:15:00-04,39
187578,Closed,383,2012-04-09 19:11:00-04,42,2012-04-09 19:17:00-04,22
187579,Closed,1900,2012-04-09 19:11:00-04,58,2012-04-09 19:43:00-04,21
187580,Closed,361,2012-04-09 19:12:00-04,4,2012-04-09 19:18:00-04,58
187583,Closed,281,2012-04-09 19:14:00-04,37,2012-04-09 19:18:00-04,8
187584,Closed,747,2012-04-09 19:14:00-04,52,2012-04-09 19:26:00-04,14
187585,Closed,421,2012-04-09 19:14:00-04,47,2012-04-09 19:21:00-04,6
187586,Closed,473,2012-04-09 19:14:00-04,40,2012-04-09 19:22:00-04,38
187589,Closed,480,2012-04-09 19:16:00-04,54,2012-04-09 19:24:00-04,16
187591,Closed,299,2012-04-09 19:17:00-04,22,2012-04-09 19:22:00-04,47
187592,Closed,239,2012-04-09 19:18:00-04,47,2012-04-09 19:22:00-04,6
187593,Closed,1447,2012-04-09 19:17:00-04,62,2012-04-09 19:41:00-04,26
187594,Closed,347,2012-04-09 19:17:00-04,12,2012-04-09 19:23:00-04,39
187596,Closed,316,2012-04-09 19:19:00-04,38,2012-04-09 19:24:00-04,6
187597,Closed,367,2012-04-09 19:18:00-04,38,2012-04-09 19:24:00-04,6
187598,Closed,191,2012-04-09 19:18:00-04,38,2012-04-09 19:21:00-04,6
187599,Closed,1923,2012-04-09 19:19:00-04,53,2012-04-09 19:51:00-04,37
187601,Closed,354,2012-04-09 19:19:00-04,43,2012-04-09 19:25:00-04,35
187602,Closed,530,2012-04-09 19:21:00-04,50,2012-04-09 19:29:00-04,43
187603,Closed,305,2012-04-09 19:22:00-04,54,2012-04-09 19:27:00-04,20
187604,Closed,634,2012-04-09 19:23:00-04,48,2012-04-09 19:34:00-04,39
187606,Closed,377,2012-04-09 19:24:00-04,34,2012-04-09 19:30:00-04,21
187609,Closed,1269,2012-04-09 19:26:00-04,37,2012-04-09 19:47:00-04,12
187610,Closed,534,2012-04-09 19:26:00-04,32,2012-04-09 19:35:00-04,9
187611,Closed,287,2012-04-09 19:28:00-04,20,2012-04-09 19:33:00-04,38
187614,Closed,486,2012-04-09 19:29:00-04,14,2012-04-09 19:38:00-04,57
187615,Closed,393,2012-04-09 19:30:00-04,41,2012-04-09 19:36:00-04,10
187616,Closed,650,2012-04-09 19:30:00-04,35,2012-04-09 19:40:00-04,4
187617,Closed,393,2012-04-09 19:30:00-04,64,2012-04-09 19:36:00-04,49
187618,Closed,587,2012-04-09 19:31:00-04,35,2012-04-09 19:41:00-04,4
187619,Closed,674,2012-04-09 19:32:00-04,59,2012-04-09 19:43:00-04,38
187620,Closed,235,2012-04-09 19:32:00-04,47,2012-04-09 19:36:00-04,20
187621,Closed,2046,2012-04-09 19:33:00-04,47,2012-04-09 20:07:00-04,46
187623,Closed,1570,2012-04-09 19:37:00-04,35,2012-04-09 20:03:00-04,35
187624,Closed,452,2012-04-09 19:37:00-04,60,2012-04-09 19:45:00-04,47
187625,Closed,225,2012-04-09 19:37:00-04,25,2012-04-09 19:41:00-04,26
187626,Closed,584,2012-04-09 19:38:00-04,48,2012-04-09 19:48:00-04,4
187627,Closed,316,2012-04-09 19:39:00-04,64,2012-04-09 19:44:00-04,63
187630,Closed,506,2012-04-09 19:40:00-04,58,2012-04-09 19:49:00-04,53
187631,Closed,756,2012-04-09 19:40:00-04,62,2012-04-09 19:53:00-04,36
187632,Closed,117,2012-04-09 19:41:00-04,53,2012-04-09 19:43:00-04,55
187633,Closed,636,2012-04-09 19:42:00-04,16,2012-04-09 19:53:00-04,47
187634,Closed,662,2012-04-09 19:43:00-04,10,2012-04-09 19:55:00-04,8
187635,Closed,570,2012-04-09 19:44:00-04,22,2012-04-09 19:53:00-04,26
187636,Closed,219,2012-04-09 19:44:00-04,38,2012-04-09 19:48:00-04,47
187637,Closed,167,2012-04-09 19:50:00-04,55,2012-04-09 19:53:00-04,53
187638,Closed,126,2012-04-09 19:50:00-04,18,2012-04-09 19:52:00-04,29
187640,Closed,575,2012-04-09 19:53:00-04,50,2012-04-09 20:02:00-04,25
187641,Closed,498,2012-04-09 19:53:00-04,22,2012-04-09 20:01:00-04,26
187642,Closed,170,2012-04-09 19:54:00-04,22,2012-04-09 19:57:00-04,43
187643,Closed,289,2012-04-09 19:55:00-04,36,2012-04-09 20:00:00-04,49
187644,Closed,287,2012-04-09 19:55:00-04,36,2012-04-09 20:00:00-04,49
187646,Closed,278,2012-04-09 19:59:00-04,25,2012-04-09 20:03:00-04,49
187647,Closed,498,2012-04-09 20:00:00-04,50,2012-04-09 20:08:00-04,60
187648,Closed,206,2012-04-09 20:00:00-04,43,2012-04-09 20:04:00-04,40
187650,Closed,730,2012-04-09 20:03:00-04,22,2012-04-09 20:15:00-04,39
187651,Closed,407,2012-04-09 20:03:00-04,42,2012-04-09 20:09:00-04,25
187652,Closed,745,2012-04-09 20:03:00-04,3,2012-04-09 20:15:00-04,51
187653,Closed,403,2012-04-09 20:04:00-04,41,2012-04-09 20:10:00-04,10
187654,Closed,628,2012-04-09 20:05:00-04,21,2012-04-09 20:15:00-04,25
187655,Closed,195,2012-04-09 20:05:00-04,12,2012-04-09 20:08:00-04,27
187656,Closed,560,2012-04-09 20:05:00-04,20,2012-04-09 20:14:00-04,31
187657,Closed,462,2012-04-09 20:07:00-04,9,2012-04-09 20:15:00-04,32
187658,Closed,461,2012-04-09 20:09:00-04,63,2012-04-09 20:17:00-04,39
187661,Closed,247,2012-04-09 20:12:00-04,55,2012-04-09 20:17:00-04,45
187662,Closed,560,2012-04-09 20:13:00-04,20,2012-04-09 20:22:00-04,38
187664,Closed,743,2012-04-09 20:13:00-04,22,2012-04-09 20:26:00-04,6
187665,Closed,1021,2012-04-09 20:13:00-04,54,2012-04-09 20:31:00-04,33
187667,Closed,434,2012-04-09 20:14:00-04,22,2012-04-09 20:21:00-04,42
187668,Closed,313,2012-04-09 20:16:00-04,47,2012-04-09 20:21:00-04,43
187669,Closed,208,2012-04-09 20:18:00-04,47,2012-04-09 20:22:00-04,38
187670,Closed,309,2012-04-09 20:18:00-04,43,2012-04-09 20:23:00-04,40
187671,Closed,329,2012-04-09 20:19:00-04,54,2012-04-09 20:25:00-04,26
187672,Closed,652,2012-04-09 20:20:00-04,22,2012-04-09 20:31:00-04,60
187673,Closed,903,2012-04-09 20:22:00-04,13,2012-04-09 20:37:00-04,32
187674,Closed,511,2012-04-09 20:23:00-04,5,2012-04-09 20:31:00-04,30
187675,Closed,1455,2012-04-09 20:24:00-04,40,2012-04-09 20:48:00-04,60
187679,Closed,1360,2012-04-09 20:25:00-04,40,2012-04-09 20:48:00-04,60
187680,Closed,386,2012-04-09 20:25:00-04,42,2012-04-09 20:31:00-04,52
187683,Closed,1093,2012-04-09 20:29:00-04,55,2012-04-09 20:48:00-04,8
187684,Closed,859,2012-04-09 20:30:00-04,55,2012-04-09 20:44:00-04,41
187685,Closed,423,2012-04-09 20:30:00-04,55,2012-04-09 20:37:00-04,13
187686,Closed,415,2012-04-09 20:30:00-04,32,2012-04-09 20:37:00-04,55
187687,Closed,388,2012-04-09 20:32:00-04,32,2012-04-09 20:39:00-04,9
187688,Closed,129,2012-04-09 20:33:00-04,13,2012-04-09 20:35:00-04,51
187689,Closed,853,2012-04-09 20:33:00-04,6,2012-04-09 20:47:00-04,6
187690,Closed,168,2012-04-09 20:35:00-04,46,2012-04-09 20:38:00-04,21
187691,Closed,426,2012-04-09 20:34:00-04,36,2012-04-09 20:41:00-04,26
187692,Closed,443,2012-04-09 20:35:00-04,46,2012-04-09 20:43:00-04,32
187693,Closed,221,2012-04-09 20:36:00-04,52,2012-04-09 20:40:00-04,33
187694,Closed,442,2012-04-09 20:39:00-04,12,2012-04-09 20:47:00-04,4
187695,Closed,301,2012-04-09 20:46:00-04,16,2012-04-09 20:51:00-04,49
187696,Closed,311,2012-04-09 20:46:00-04,54,2012-04-09 20:51:00-04,60
187698,Closed,576,2012-04-09 20:47:00-04,38,2012-04-09 20:57:00-04,22
187702,Closed,299,2012-04-09 20:48:00-04,49,2012-04-09 20:53:00-04,36
187704,Closed,316,2012-04-09 20:48:00-04,21,2012-04-09 20:54:00-04,39
187705,Closed,1369,2012-04-09 20:49:00-04,36,2012-04-09 21:12:00-04,20
187706,Closed,605,2012-04-09 20:52:00-04,33,2012-04-09 21:02:00-04,41
187707,Closed,127,2012-04-09 20:52:00-04,21,2012-04-09 20:54:00-04,46
187708,Closed,1588,2012-04-09 20:54:00-04,46,2012-04-09 21:21:00-04,37
187711,Closed,192,2012-04-09 20:55:00-04,40,2012-04-09 20:58:00-04,47
187712,Closed,660,2012-04-09 20:56:00-04,34,2012-04-09 21:07:00-04,42
187713,Closed,701,2012-04-09 20:57:00-04,60,2012-04-09 21:09:00-04,60
187714,Closed,1174,2012-04-09 20:59:00-04,14,2012-04-09 21:19:00-04,52
187715,Closed,304,2012-04-09 21:03:00-04,33,2012-04-09 21:08:00-04,52
187716,Closed,553,2012-04-09 21:04:00-04,54,2012-04-09 21:13:00-04,6
187717,Closed,134,2012-04-09 21:06:00-04,22,2012-04-09 21:08:00-04,48
187718,Closed,188,2012-04-09 21:07:00-04,47,2012-04-09 21:10:00-04,40
187719,Closed,683,2012-04-09 21:08:00-04,3,2012-04-09 21:19:00-04,57
187720,Closed,664,2012-04-09 21:08:00-04,3,2012-04-09 21:19:00-04,57
187721,Closed,463,2012-04-09 21:09:00-04,50,2012-04-09 21:16:00-04,53
187723,Closed,558,2012-04-09 21:11:00-04,59,2012-04-09 21:20:00-04,59
187724,Closed,291,2012-04-09 21:12:00-04,25,2012-04-09 21:16:00-04,13
187725,Closed,381,2012-04-09 21:14:00-04,59,2012-04-09 21:20:00-04,59
187726,Closed,435,2012-04-09 21:14:00-04,42,2012-04-09 21:21:00-04,42
187727,Closed,838,2012-04-09 21:14:00-04,4,2012-04-09 21:28:00-04,21
187728,Closed,1182,2012-04-09 21:16:00-04,37,2012-04-09 21:36:00-04,53
187729,Closed,264,2012-04-09 21:17:00-04,10,2012-04-09 21:22:00-04,33
187730,Closed,206,2012-04-09 21:17:00-04,26,2012-04-09 21:21:00-04,25
187736,Closed,231,2012-04-09 21:22:00-04,49,2012-04-09 21:26:00-04,36
187737,Closed,634,2012-04-09 21:22:00-04,7,2012-04-09 21:33:00-04,20
187739,Closed,645,2012-04-09 21:26:00-04,27,2012-04-09 21:36:00-04,26
187740,Closed,1043,2012-04-09 21:26:00-04,55,2012-04-09 21:44:00-04,41
187741,Closed,344,2012-04-09 21:27:00-04,31,2012-04-09 21:32:00-04,22
187742,Closed,1297,2012-04-09 21:32:00-04,57,2012-04-09 21:53:00-04,40
187743,Closed,1021,2012-04-09 21:34:00-04,32,2012-04-09 21:51:00-04,23
187744,Closed,659,2012-04-09 21:38:00-04,46,2012-04-09 21:48:00-04,22
187748,Closed,520,2012-04-09 21:39:00-04,49,2012-04-09 21:48:00-04,52
187749,Closed,837,2012-04-09 21:39:00-04,42,2012-04-09 21:53:00-04,10
187750,Closed,693,2012-04-09 21:41:00-04,48,2012-04-09 21:52:00-04,36
187752,Closed,4,2012-04-09 21:41:00-04,43,2012-04-09 21:41:00-04,43
187753,Closed,6,2012-04-09 21:41:00-04,43,2012-04-09 21:41:00-04,43
187755,Closed,9,2012-04-09 21:42:00-04,43,2012-04-09 21:42:00-04,43
187756,Closed,368,2012-04-09 21:42:00-04,16,2012-04-09 21:48:00-04,46
187757,Closed,1234,2012-04-09 21:42:00-04,55,2012-04-09 22:02:00-04,38
187759,Closed,380,2012-04-09 21:43:00-04,21,2012-04-09 21:49:00-04,45
187760,Closed,449,2012-04-09 21:47:00-04,54,2012-04-09 21:55:00-04,40
187762,Closed,298,2012-04-09 21:50:00-04,14,2012-04-09 21:55:00-04,30
187765,Closed,156,2012-04-09 21:55:00-04,22,2012-04-09 21:57:00-04,43
187766,Closed,482,2012-04-09 21:59:00-04,48,2012-04-09 22:07:00-04,36
187767,Closed,389,2012-04-09 22:02:00-04,54,2012-04-09 22:09:00-04,26
187769,Closed,299,2012-04-09 22:06:00-04,6,2012-04-09 22:11:00-04,54
187770,Closed,231,2012-04-09 22:07:00-04,17,2012-04-09 22:10:00-04,18
187771,Closed,10,2012-04-09 22:07:00-04,52,2012-04-09 22:07:00-04,52
187772,Closed,582,2012-04-09 22:07:00-04,3,2012-04-09 22:17:00-04,46
187773,Closed,775,2012-04-09 22:09:00-04,9,2012-04-09 22:22:00-04,33
187774,Closed,641,2012-04-09 22:13:00-04,52,2012-04-09 22:24:00-04,41
187775,Closed,1255,2012-04-09 22:14:00-04,38,2012-04-09 22:35:00-04,38
187776,Closed,1057,2012-04-09 22:20:00-04,21,2012-04-09 22:37:00-04,9
187777,Closed,373,2012-04-09 22:23:00-04,57,2012-04-09 22:30:00-04,57
187778,Closed,1229,2012-04-09 22:27:00-04,18,2012-04-09 22:48:00-04,46
187779,Closed,348,2012-04-09 22:31:00-04,9,2012-04-09 22:37:00-04,32
187780,Closed,878,2012-04-09 22:34:00-04,39,2012-04-09 22:49:00-04,47
187781,Closed,541,2012-04-09 22:39:00-04,36,2012-04-09 22:48:00-04,32
187782,Closed,1159,2012-04-09 22:41:00-04,53,2012-04-09 23:01:00-04,63
187783,Closed,2431,2012-04-09 22:45:00-04,21,2012-04-09 23:26:00-04,20
187784,Closed,800,2012-04-09 22:50:00-04,33,2012-04-09 23:03:00-04,37
187785,Closed,241,2012-04-09 22:52:00-04,31,2012-04-09 22:56:00-04,22
187786,Closed,280,2012-04-09 22:54:00-04,22,2012-04-09 22:59:00-04,40
187787,Closed,268,2012-04-09 22:55:00-04,40,2012-04-09 23:00:00-04,40
187788,Closed,232,2012-04-09 22:56:00-04,43,2012-04-09 23:00:00-04,40
187789,Closed,369,2012-04-09 22:57:00-04,24,2012-04-09 23:03:00-04,47
187790,Closed,187,2012-04-09 23:01:00-04,33,2012-04-09 23:04:00-04,32
187791,Closed,413,2012-04-09 23:01:00-04,5,2012-04-09 23:08:00-04,34
187792,Closed,695,2012-04-09 23:02:00-04,52,2012-04-09 23:13:00-04,41
187793,Closed,830,2012-04-09 23:09:00-04,58,2012-04-09 23:23:00-04,9
187794,Closed,394,2012-04-09 23:14:00-04,52,2012-04-09 23:21:00-04,49
187795,Closed,1203,2012-04-09 23:16:00-04,15,2012-04-09 23:36:00-04,36
187796,Closed,401,2012-04-09 23:18:00-04,25,2012-04-09 23:25:00-04,27
187797,Closed,255,2012-04-09 23:23:00-04,60,2012-04-09 23:28:00-04,47
187798,Closed,270,2012-04-09 23:24:00-04,10,2012-04-09 23:28:00-04,41
187802,Closed,1089,2012-04-09 23:29:00-04,20,2012-04-09 23:47:00-04,55
187803,Closed,258,2012-04-09 23:37:00-04,10,2012-04-09 23:42:00-04,9
187804,Closed,1538,2012-04-09 23:39:00-04,9,2012-04-10 00:05:00-04,5
187805,Closed,573,2012-04-09 23:52:00-04,23,2012-04-10 00:02:00-04,23
187806,Closed,704,2012-04-09 23:58:00-04,11,2012-04-10 00:10:00-04,41
